id_original;parent_id_original;nombre;slug;position;depth;productos_directos;is_new;ruta
1;;Raíz;raiz;0;0;0;0;Raíz
2;1;Inicio;inicio;0;1;0;0;"Raíz > Inicio"
4;2;HALLOWEEN;halloween;0;2;9;0;"Raíz > Inicio > HALLOWEEN"
6;2;"CUMPLEAÑOS Y FIESTAS TEMATICAS";cumpleanos-y-fiestas-tematicas;2;2;44;0;"Raíz > Inicio > CUMPLEAÑOS Y FIESTAS TEMATICAS"
10;2;DISFRACES;disfraces;3;2;7;0;"Raíz > Inicio > DISFRACES"
3;2;"DECORACION Y ARTICULOS DE FIESTA";decoracion-y-articulos-de-fiesta;4;2;24;0;"Raíz > Inicio > DECORACION Y ARTICULOS DE FIESTA"
5;2;NAVIDAD;navidad;5;2;0;0;"Raíz > Inicio > NAVIDAD"
9;2;"ACCESORIOS DISFRACES";accesorios-disfraces;6;2;103;0;"Raíz > Inicio > ACCESORIOS DISFRACES"
-684;9;"Cabeza, rostro y pelo";cabeza-rostro-y-pelo;0;3;0;1;"Raíz > Inicio > ACCESORIOS DISFRACES > Cabeza, rostro y pelo"
-673;3;"Mesa, vajilla y candy bar";mesa-vajilla-y-candy-bar;0;3;0;1;"Raíz > Inicio > DECORACION Y ARTICULOS DE FIESTA > Mesa, vajilla y candy bar"
-594;5;"Disfraces navideños";disfraces-navidenos;0;3;3;1;"Raíz > Inicio > NAVIDAD > Disfraces navideños"
-211;6;"Material de fiesta";material-de-fiesta;0;3;45;1;"Raíz > Inicio > CUMPLEAÑOS Y FIESTAS TEMATICAS > Material de fiesta"
-210;6;"Celebraciones del año";celebraciones-del-ano;0;3;0;1;"Raíz > Inicio > CUMPLEAÑOS Y FIESTAS TEMATICAS > Celebraciones del año"
-209;6;"Cumpleaños infantil sin licencia";cumpleanos-infantil-sin-licencia;0;3;1;1;"Raíz > Inicio > CUMPLEAÑOS Y FIESTAS TEMATICAS > Cumpleaños infantil sin licencia"
-208;6;"Cumpleaños por edad";cumpleanos-por-edad;0;3;0;1;"Raíz > Inicio > CUMPLEAÑOS Y FIESTAS TEMATICAS > Cumpleaños por edad"
-207;6;"Fiestas especiales";fiestas-especiales;0;3;0;1;"Raíz > Inicio > CUMPLEAÑOS Y FIESTAS TEMATICAS > Fiestas especiales"
-142;4;"Disfraz monstruos clásicos";disfraz-monstruos-clasicos;0;3;35;1;"Raíz > Inicio > HALLOWEEN > Disfraz monstruos clásicos"
-141;4;"Disfraz zombie";disfraz-zombie;0;3;19;1;"Raíz > Inicio > HALLOWEEN > Disfraz zombie"
-140;4;"Disfraz fantasma";disfraz-fantasma;0;3;29;1;"Raíz > Inicio > HALLOWEEN > Disfraz fantasma"
-139;4;"Disfraz esqueleto";disfraz-esqueleto;0;3;34;1;"Raíz > Inicio > HALLOWEEN > Disfraz esqueleto"
-138;4;"Disfraz calabaza";disfraz-calabaza;0;3;10;1;"Raíz > Inicio > HALLOWEEN > Disfraz calabaza"
-137;4;"Disfraz Monster High";disfraz-monster-high;0;3;16;1;"Raíz > Inicio > HALLOWEEN > Disfraz Monster High"
-136;4;"Disfraz villanas y malvadas";disfraz-villanas-y-malvadas;0;3;27;1;"Raíz > Inicio > HALLOWEEN > Disfraz villanas y malvadas"
-135;4;"Disfraz terror cine y series";disfraz-terror-cine-y-series;0;3;63;1;"Raíz > Inicio > HALLOWEEN > Disfraz terror cine y series"
-128;4;"Mascaras y Caretas Halloween";mascaras-y-caretas-halloween;0;3;0;1;"Raíz > Inicio > HALLOWEEN > Mascaras y Caretas Halloween"
-100;4;"Disfraz catrina";disfraz-catrina;0;3;19;1;"Raíz > Inicio > HALLOWEEN > Disfraz catrina"
-97;4;"Disfraz Scream";disfraz-scream;0;3;18;1;"Raíz > Inicio > HALLOWEEN > Disfraz Scream"
-92;4;"Disfraz joker y Harley";disfraz-joker-y-harley;0;3;80;1;"Raíz > Inicio > HALLOWEEN > Disfraz joker y Harley"
-80;4;"Disfraz Halloween";disfraz-halloween;0;3;172;1;"Raíz > Inicio > HALLOWEEN > Disfraz Halloween"
-78;4;"Maquillaje Halloween";maquillaje-halloween;0;3;13;1;"Raíz > Inicio > HALLOWEEN > Maquillaje Halloween"
-71;4;"Disfraz Payaso";disfraz-payaso;0;3;45;1;"Raíz > Inicio > HALLOWEEN > Disfraz Payaso"
-70;4;"Disfraz Diablesa/Diablo";disfraz-diablesa-diablo;0;3;28;1;"Raíz > Inicio > HALLOWEEN > Disfraz Diablesa/Diablo"
-65;4;"Disfraz Bruja/o";disfraz-bruja-o;0;3;63;1;"Raíz > Inicio > HALLOWEEN > Disfraz Bruja/o"
-64;4;"Disfraz Vampiro";disfraz-vampiro;0;3;87;1;"Raíz > Inicio > HALLOWEEN > Disfraz Vampiro"
-63;4;"Disfraz monstruo";disfraz-monstruo;0;3;7;1;"Raíz > Inicio > HALLOWEEN > Disfraz monstruo"
-59;6;"Fiesta colores";fiesta-colores;0;3;2;1;"Raíz > Inicio > CUMPLEAÑOS Y FIESTAS TEMATICAS > Fiesta colores"
18;6;"CUMPLEAÑOS INFANTIL LICENCIA";cumpleanos-infantil-licencia;0;3;0;0;"Raíz > Inicio > CUMPLEAÑOS Y FIESTAS TEMATICAS > CUMPLEAÑOS INFANTIL LICENCIA"
-685;9;"Vestuario y cuerpo";vestuario-y-cuerpo;1;3;0;1;"Raíz > Inicio > ACCESORIOS DISFRACES > Vestuario y cuerpo"
-674;3;"Decoración colgante";decoracion-colgante;1;3;0;1;"Raíz > Inicio > DECORACION Y ARTICULOS DE FIESTA > Decoración colgante"
-595;5;"Papá Noel, mamá Noel y Santa Claus";papa-noel-mama-noel-y-santa-claus;1;3;150;1;"Raíz > Inicio > NAVIDAD > Papá Noel, mamá Noel y Santa Claus"
-231;10;"Disfraz Animales y mascotas";disfraz-animales-y-mascotas;1;3;14;1;"Raíz > Inicio > DISFRACES > Disfraz Animales y mascotas"
-686;9;"Armas, varitas y props";armas-varitas-y-props;2;3;0;1;"Raíz > Inicio > ACCESORIOS DISFRACES > Armas, varitas y props"
-675;3;"Ambiente, textil y luces";ambiente-textil-y-luces;2;3;0;1;"Raíz > Inicio > DECORACION Y ARTICULOS DE FIESTA > Ambiente, textil y luces"
-596;5;"Reyes Magos y pajes";reyes-magos-y-pajes;2;3;82;1;"Raíz > Inicio > NAVIDAD > Reyes Magos y pajes"
-232;10;"Disfraz Profesiones y oficios";disfraz-profesiones-y-oficios;2;3;22;1;"Raíz > Inicio > DISFRACES > Disfraz Profesiones y oficios"
-687;9;"Adornos y complementos";adornos-y-complementos;3;3;0;1;"Raíz > Inicio > ACCESORIOS DISFRACES > Adornos y complementos"
-676;3;"Efectos, juegos y bromas";efectos-juegos-y-bromas;3;3;0;1;"Raíz > Inicio > DECORACION Y ARTICULOS DE FIESTA > Efectos, juegos y bromas"
-597;5;"Duendes, elfos y enanitos";duendes-elfos-y-enanitos;3;3;40;1;"Raíz > Inicio > NAVIDAD > Duendes, elfos y enanitos"
-233;10;"Disfraz Medieval, cuentos y realeza";disfraz-medieval-cuentos-y-realeza;3;3;24;1;"Raíz > Inicio > DISFRACES > Disfraz Medieval, cuentos y realeza"
-677;3;"Papelería, invitaciones y regalo";papeleria-invitaciones-y-regalo;4;3;0;1;"Raíz > Inicio > DECORACION Y ARTICULOS DE FIESTA > Papelería, invitaciones y regalo"
-598;5;"Gorros, sombreros y chisteras navideños";gorros-sombreros-y-chisteras-navidenos;4;3;10;1;"Raíz > Inicio > NAVIDAD > Gorros, sombreros y chisteras navideños"
-234;10;"Disfraz Princesas Disney";disfraz-princesas-disney;4;3;10;1;"Raíz > Inicio > DISFRACES > Disfraz Princesas Disney"
-678;3;"Halloween y adornos";halloween-y-adornos;5;3;0;1;"Raíz > Inicio > DECORACION Y ARTICULOS DE FIESTA > Halloween y adornos"
-235;10;"Disfraz Princesa de cuento";disfraz-princesa-de-cuento;5;3;24;1;"Raíz > Inicio > DISFRACES > Disfraz Princesa de cuento"
-600;5;"Calcetines, botas y zapatos navideños";calcetines-botas-y-zapatos-navidenos;6;3;11;1;"Raíz > Inicio > NAVIDAD > Calcetines, botas y zapatos navideños"
-236;10;"Disfraz Frozen";disfraz-frozen;6;3;43;1;"Raíz > Inicio > DISFRACES > Disfraz Frozen"
-601;5;"Accesorios navideños";accesorios-navidenos;7;3;35;1;"Raíz > Inicio > NAVIDAD > Accesorios navideños"
-237;10;"Disfraz Personajes Disney y Pixar";disfraz-personajes-disney-y-pixar;7;3;33;1;"Raíz > Inicio > DISFRACES > Disfraz Personajes Disney y Pixar"
-602;5;"Adornos y figuras navideñas";adornos-y-figuras-navidenas;8;3;62;1;"Raíz > Inicio > NAVIDAD > Adornos y figuras navideñas"
-238;10;"Disfraz Superhéroes Marvel";disfraz-superheroes-marvel;8;3;38;1;"Raíz > Inicio > DISFRACES > Disfraz Superhéroes Marvel"
-603;5;"Luces navideñas";luces-navidenas;9;3;10;1;"Raíz > Inicio > NAVIDAD > Luces navideñas"
-239;10;"Disfraz Superhéroes DC";disfraz-superheroes-dc;9;3;14;1;"Raíz > Inicio > DISFRACES > Disfraz Superhéroes DC"
241;6;"Cumpleaños futbl";cumpleanos-futbl;9;3;119;0;"Raíz > Inicio > CUMPLEAÑOS Y FIESTAS TEMATICAS > Cumpleaños futbl"
-604;5;"Mesa y vajilla navideña";mesa-y-vajilla-navidena;10;3;53;1;"Raíz > Inicio > NAVIDAD > Mesa y vajilla navideña"
-240;10;"Disfraz Star Wars y ciencia ficción";disfraz-star-wars-y-ciencia-ficcion;10;3;10;1;"Raíz > Inicio > DISFRACES > Disfraz Star Wars y ciencia ficción"
-605;5;"Bolsas, tarjetas y detalle navideño";bolsas-tarjetas-y-detalle-navideno;11;3;22;1;"Raíz > Inicio > NAVIDAD > Bolsas, tarjetas y detalle navideño"
-241;10;"Disfraz Harry Potter";disfraz-harry-potter;11;3;26;1;"Raíz > Inicio > DISFRACES > Disfraz Harry Potter"
-606;5;"Pijamas navideños";pijamas-navidenos;12;3;3;1;"Raíz > Inicio > NAVIDAD > Pijamas navideños"
-242;10;"Disfraz Los Picapiedra";disfraz-los-picapiedra;12;3;29;1;"Raíz > Inicio > DISFRACES > Disfraz Los Picapiedra"
-607;5;"Nochevieja y Año Nuevo";nochevieja-y-ano-nuevo;13;3;166;1;"Raíz > Inicio > NAVIDAD > Nochevieja y Año Nuevo"
-243;10;"Disfraz Grease";disfraz-grease;13;3;11;1;"Raíz > Inicio > DISFRACES > Disfraz Grease"
-244;10;"Disfraz Looney Tunes";disfraz-looney-tunes;14;3;15;1;"Raíz > Inicio > DISFRACES > Disfraz Looney Tunes"
-245;10;"Disfraz Anime";disfraz-anime;15;3;8;1;"Raíz > Inicio > DISFRACES > Disfraz Anime"
-246;10;"Disfraz Series y dibujos";disfraz-series-y-dibujos;16;3;84;1;"Raíz > Inicio > DISFRACES > Disfraz Series y dibujos"
-585;6;"Fiestas temáticas";fiestas-tematicas;17;3;0;1;"Raíz > Inicio > CUMPLEAÑOS Y FIESTAS TEMATICAS > Fiestas temáticas"
-247;10;"Disfraz Videojuegos";disfraz-videojuegos;17;3;9;1;"Raíz > Inicio > DISFRACES > Disfraz Videojuegos"
-248;10;"Disfraz Piratas";disfraz-piratas;18;3;44;1;"Raíz > Inicio > DISFRACES > Disfraz Piratas"
-249;10;"Disfraz Cabezudos y mascotas";disfraz-cabezudos-y-mascotas;19;3;21;1;"Raíz > Inicio > DISFRACES > Disfraz Cabezudos y mascotas"
-251;10;"Disfraz Cultura regional";disfraz-cultura-regional;21;3;19;1;"Raíz > Inicio > DISFRACES > Disfraz Cultura regional"
-252;10;"Disfraz Décadas y estilos";disfraz-decadas-y-estilos;22;3;6;1;"Raíz > Inicio > DISFRACES > Disfraz Décadas y estilos"
-253;10;"Disfraz Música y divas";disfraz-musica-y-divas;23;3;26;1;"Raíz > Inicio > DISFRACES > Disfraz Música y divas"
-254;10;"Disfraz Deporte";disfraz-deporte;24;3;10;1;"Raíz > Inicio > DISFRACES > Disfraz Deporte"
-255;10;"Disfraz Religioso";disfraz-religioso;25;3;2;1;"Raíz > Inicio > DISFRACES > Disfraz Religioso"
-256;10;"Disfraz Comida y objetos";disfraz-comida-y-objetos;26;3;12;1;"Raíz > Inicio > DISFRACES > Disfraz Comida y objetos"
-257;10;"Disfraz Fantasía";disfraz-fantasia;27;3;4;1;"Raíz > Inicio > DISFRACES > Disfraz Fantasía"
-258;10;"Disfraz Barbie";disfraz-barbie;28;3;17;1;"Raíz > Inicio > DISFRACES > Disfraz Barbie"
-259;10;"Disfraz Películas y series";disfraz-peliculas-y-series;29;3;68;1;"Raíz > Inicio > DISFRACES > Disfraz Películas y series"
-679;-211;"Mesa y vajilla de cumpleaños";mesa-y-vajilla-de-cumpleanos;0;4;0;1;"Raíz > Inicio > CUMPLEAÑOS Y FIESTAS TEMATICAS > Material de fiesta > Mesa y vajilla de cumpleaños"
-668;18;"Cumpleaños Disney y Pixar";cumpleanos-disney-y-pixar;0;4;0;1;"Raíz > Inicio > CUMPLEAÑOS Y FIESTAS TEMATICAS > CUMPLEAÑOS INFANTIL LICENCIA > Cumpleaños Disney y Pixar"
-608;-594;"Papá Noel y Santa Claus";papa-noel-y-santa-claus;0;4;83;1;"Raíz > Inicio > NAVIDAD > Disfraces navideños > Papá Noel y Santa Claus"
-586;-585;"Fiesta Disco";fiesta-disco;0;4;1;1;"Raíz > Inicio > CUMPLEAÑOS Y FIESTAS TEMATICAS > Fiestas temáticas > Fiesta Disco"
-230;-676;Confeti;confeti;0;4;173;1;"Raíz > Inicio > DECORACION Y ARTICULOS DE FIESTA > Efectos, juegos y bromas > Confeti"
-206;241;"Futbol España";futbol-espana;0;4;45;1;"Raíz > Inicio > CUMPLEAÑOS Y FIESTAS TEMATICAS > Cumpleaños futbl > Futbol España"
-205;241;"Futbol Barcelona";futbol-barcelona;0;4;46;1;"Raíz > Inicio > CUMPLEAÑOS Y FIESTAS TEMATICAS > Cumpleaños futbl > Futbol Barcelona"
-204;241;"Futbol Real Madrid";futbol-real-madrid;0;4;53;1;"Raíz > Inicio > CUMPLEAÑOS Y FIESTAS TEMATICAS > Cumpleaños futbl > Futbol Real Madrid"
-203;-207;Jubilación;jubilacion;0;4;43;1;"Raíz > Inicio > CUMPLEAÑOS Y FIESTAS TEMATICAS > Fiestas especiales > Jubilación"
-202;-207;Boda;boda;0;4;59;1;"Raíz > Inicio > CUMPLEAÑOS Y FIESTAS TEMATICAS > Fiestas especiales > Boda"
-201;-59;Plata;plata;0;4;42;1;"Raíz > Inicio > CUMPLEAÑOS Y FIESTAS TEMATICAS > Fiesta colores > Plata"
-200;-59;Oro;oro;0;4;87;1;"Raíz > Inicio > CUMPLEAÑOS Y FIESTAS TEMATICAS > Fiesta colores > Oro"
-199;-59;Fucsia;fucsia;0;4;11;1;"Raíz > Inicio > CUMPLEAÑOS Y FIESTAS TEMATICAS > Fiesta colores > Fucsia"
-198;-59;Naranja;naranja;0;4;6;1;"Raíz > Inicio > CUMPLEAÑOS Y FIESTAS TEMATICAS > Fiesta colores > Naranja"
-197;-59;Amarillo;amarillo;0;4;14;1;"Raíz > Inicio > CUMPLEAÑOS Y FIESTAS TEMATICAS > Fiesta colores > Amarillo"
-196;-59;Morado;morado;0;4;21;1;"Raíz > Inicio > CUMPLEAÑOS Y FIESTAS TEMATICAS > Fiesta colores > Morado"
-195;-59;Lila;lila;0;4;10;1;"Raíz > Inicio > CUMPLEAÑOS Y FIESTAS TEMATICAS > Fiesta colores > Lila"
-194;-59;Azul;azul;0;4;84;1;"Raíz > Inicio > CUMPLEAÑOS Y FIESTAS TEMATICAS > Fiesta colores > Azul"
-193;-59;Rosa;rosa;0;4;130;1;"Raíz > Inicio > CUMPLEAÑOS Y FIESTAS TEMATICAS > Fiesta colores > Rosa"
-192;-59;Rojo;rojo;0;4;39;1;"Raíz > Inicio > CUMPLEAÑOS Y FIESTAS TEMATICAS > Fiesta colores > Rojo"
-191;-59;Negro;negro;0;4;79;1;"Raíz > Inicio > CUMPLEAÑOS Y FIESTAS TEMATICAS > Fiesta colores > Negro"
-190;-59;Blanco;blanco;0;4;126;1;"Raíz > Inicio > CUMPLEAÑOS Y FIESTAS TEMATICAS > Fiesta colores > Blanco"
-189;-59;"San Patricio";san-patricio;0;4;48;1;"Raíz > Inicio > CUMPLEAÑOS Y FIESTAS TEMATICAS > Fiesta colores > San Patricio"
-188;-209;"Fiesta años 80 y 90";fiesta-anos-80-y-90;0;4;18;1;"Raíz > Inicio > CUMPLEAÑOS Y FIESTAS TEMATICAS > Cumpleaños infantil sin licencia > Fiesta años 80 y 90"
-187;-208;"Fiesta 80 cumpleaños";fiesta-80-cumpleanos;0;4;7;1;"Raíz > Inicio > CUMPLEAÑOS Y FIESTAS TEMATICAS > Cumpleaños por edad > Fiesta 80 cumpleaños"
-186;-208;"Fiesta 30 cumpleaños";fiesta-30-cumpleanos;0;4;63;1;"Raíz > Inicio > CUMPLEAÑOS Y FIESTAS TEMATICAS > Cumpleaños por edad > Fiesta 30 cumpleaños"
-185;-208;"Fiesta 70 cumpleaños";fiesta-70-cumpleanos;0;4;12;1;"Raíz > Inicio > CUMPLEAÑOS Y FIESTAS TEMATICAS > Cumpleaños por edad > Fiesta 70 cumpleaños"
-184;-208;"Fiesta 60 cumpleaños";fiesta-60-cumpleanos;0;4;51;1;"Raíz > Inicio > CUMPLEAÑOS Y FIESTAS TEMATICAS > Cumpleaños por edad > Fiesta 60 cumpleaños"
-183;-208;"Fiesta 50 cumpleaños";fiesta-50-cumpleanos;0;4;99;1;"Raíz > Inicio > CUMPLEAÑOS Y FIESTAS TEMATICAS > Cumpleaños por edad > Fiesta 50 cumpleaños"
-182;-208;"Fiesta 40 cumpleaños";fiesta-40-cumpleanos;0;4;84;1;"Raíz > Inicio > CUMPLEAÑOS Y FIESTAS TEMATICAS > Cumpleaños por edad > Fiesta 40 cumpleaños"
-181;-208;"Fiesta 18 cumpleaños";fiesta-18-cumpleanos;0;4;73;1;"Raíz > Inicio > CUMPLEAÑOS Y FIESTAS TEMATICAS > Cumpleaños por edad > Fiesta 18 cumpleaños"
-134;-78;"Colmillos y dentaduras";colmillos-y-dentaduras;0;4;61;1;"Raíz > Inicio > HALLOWEEN > Maquillaje Halloween > Colmillos y dentaduras"
-133;-78;"Efectos especiales y sangre";efectos-especiales-y-sangre-maquillaje-halloween;0;4;60;1;"Raíz > Inicio > HALLOWEEN > Maquillaje Halloween > Efectos especiales y sangre"
-132;-78;"Tatuajes, gemas y piedras";tatuajes-gemas-y-piedras;0;4;86;1;"Raíz > Inicio > HALLOWEEN > Maquillaje Halloween > Tatuajes, gemas y piedras"
-131;-78;"Maquillaje cara y pinturas";maquillaje-cara-y-pinturas;0;4;85;1;"Raíz > Inicio > HALLOWEEN > Maquillaje Halloween > Maquillaje cara y pinturas"
-130;-128;"Caretas y antifaces";caretas-y-antifaces;0;4;116;1;"Raíz > Inicio > HALLOWEEN > Mascaras y Caretas Halloween > Caretas y antifaces"
-129;-128;"Mascaras completas";mascaras-completas;0;4;60;1;"Raíz > Inicio > HALLOWEEN > Mascaras y Caretas Halloween > Mascaras completas"
-103;-100;"Complementos catrina";complementos-catrina;0;4;15;1;"Raíz > Inicio > HALLOWEEN > Disfraz catrina > Complementos catrina"
-102;-100;"Accesorios catrina";accesorios-catrina;0;4;29;1;"Raíz > Inicio > HALLOWEEN > Disfraz catrina > Accesorios catrina"
-101;-97;"Complementos Scream";complementos-scream;0;4;3;1;"Raíz > Inicio > HALLOWEEN > Disfraz Scream > Complementos Scream"
-99;-97;"Accesorios Scream";accesorios-scream;0;4;6;1;"Raíz > Inicio > HALLOWEEN > Disfraz Scream > Accesorios Scream"
-96;-92;"Complemento joker y harley";complemento-joker-y-harley;0;4;11;1;"Raíz > Inicio > HALLOWEEN > Disfraz joker y Harley > Complemento joker y harley"
-95;-63;"Accesorios monstruo";accesorios-monstruo;0;4;18;1;"Raíz > Inicio > HALLOWEEN > Disfraz monstruo > Accesorios monstruo"
-93;-92;"Accesorios joker y Harley";accesorios-joker-y-harley;0;4;23;1;"Raíz > Inicio > HALLOWEEN > Disfraz joker y Harley > Accesorios joker y Harley"
-91;-64;"Accesorios vampiro";accesorios-vampiro;0;4;18;1;"Raíz > Inicio > HALLOWEEN > Disfraz Vampiro > Accesorios vampiro"
-90;-71;"Accesorios payaso";accesorios-payaso;0;4;6;1;"Raíz > Inicio > HALLOWEEN > Disfraz Payaso > Accesorios payaso"
-87;-70;"Accesorios demonio";accesorios-demonio;0;4;34;1;"Raíz > Inicio > HALLOWEEN > Disfraz Diablesa/Diablo > Accesorios demonio"
-86;-70;"Complementos demonio";complementos-demonio;0;4;1;1;"Raíz > Inicio > HALLOWEEN > Disfraz Diablesa/Diablo > Complementos demonio"
-85;-65;"Accesorios Bruja/o";accesorios-bruja-o;0;4;75;1;"Raíz > Inicio > HALLOWEEN > Disfraz Bruja/o > Accesorios Bruja/o"
-84;-80;"Accesorios Halloween";accesorios-halloween;0;4;261;1;"Raíz > Inicio > HALLOWEEN > Disfraz Halloween > Accesorios Halloween"
-81;-135;"Disfraz Familia Addams";disfraz-familia-addams;0;4;53;1;"Raíz > Inicio > HALLOWEEN > Disfraz terror cine y series > Disfraz Familia Addams"
-79;-80;"Complementos Halloween";complementos-halloween;0;4;551;1;"Raíz > Inicio > HALLOWEEN > Disfraz Halloween > Complementos Halloween"
-76;-71;"Complementos payaso";complementos-payaso;0;4;41;1;"Raíz > Inicio > HALLOWEEN > Disfraz Payaso > Complementos payaso"
-74;-63;"Complementos Monstruo";complementos-monstruo;0;4;115;1;"Raíz > Inicio > HALLOWEEN > Disfraz monstruo > Complementos Monstruo"
-72;-64;"Complementos Vampiro/a";complementos-vampiro-a;0;4;12;1;"Raíz > Inicio > HALLOWEEN > Disfraz Vampiro > Complementos Vampiro/a"
-66;-65;"Complementos Bruja/o";complementos-bruja-o;0;4;65;1;"Raíz > Inicio > HALLOWEEN > Disfraz Bruja/o > Complementos Bruja/o"
-61;-207;Bautizo;bautizo;0;4;129;1;"Raíz > Inicio > CUMPLEAÑOS Y FIESTAS TEMATICAS > Fiestas especiales > Bautizo"
-55;-209;Dinosaurio;dinosaurio;0;4;94;1;"Raíz > Inicio > CUMPLEAÑOS Y FIESTAS TEMATICAS > Cumpleaños infantil sin licencia > Dinosaurio"
-53;-209;Unicornio;unicornio;0;4;131;1;"Raíz > Inicio > CUMPLEAÑOS Y FIESTAS TEMATICAS > Cumpleaños infantil sin licencia > Unicornio"
-51;-687;España;espana;0;4;27;1;"Raíz > Inicio > ACCESORIOS DISFRACES > Adornos y complementos > España"
-50;-209;Piratas;piratas;0;4;53;1;"Raíz > Inicio > CUMPLEAÑOS Y FIESTAS TEMATICAS > Cumpleaños infantil sin licencia > Piratas"
-37;-207;"Primera Comunión";primera-comunion;0;4;0;1;"Raíz > Inicio > CUMPLEAÑOS Y FIESTAS TEMATICAS > Fiestas especiales > Primera Comunión"
-31;-210;"Dia de la madre";dia-de-la-madre;0;4;46;1;"Raíz > Inicio > CUMPLEAÑOS Y FIESTAS TEMATICAS > Celebraciones del año > Dia de la madre"
-30;-207;"Fiesta Revelacion sexo";fiesta-revelacion-sexo;0;4;66;1;"Raíz > Inicio > CUMPLEAÑOS Y FIESTAS TEMATICAS > Fiestas especiales > Fiesta Revelacion sexo"
-18;-210;"San valentin";san-valentin;0;4;69;1;"Raíz > Inicio > CUMPLEAÑOS Y FIESTAS TEMATICAS > Celebraciones del año > San valentin"
-13;-210;"Dia del padre";dia-del-padre;0;4;24;1;"Raíz > Inicio > CUMPLEAÑOS Y FIESTAS TEMATICAS > Celebraciones del año > Dia del padre"
-680;-211;"Decoración y ambiente";decoracion-y-ambiente;1;4;0;1;"Raíz > Inicio > CUMPLEAÑOS Y FIESTAS TEMATICAS > Material de fiesta > Decoración y ambiente"
-669;18;"Cumpleaños Superhéroes";cumpleanos-superheroes;1;4;0;1;"Raíz > Inicio > CUMPLEAÑOS Y FIESTAS TEMATICAS > CUMPLEAÑOS INFANTIL LICENCIA > Cumpleaños Superhéroes"
-624;-80;"Decoración Halloween";decoracion-halloween;1;4;152;1;"Raíz > Inicio > HALLOWEEN > Disfraz Halloween > Decoración Halloween"
-623;-135;"Freddy Krueger (Pesadilla en Elm Street)";freddy-krueger-pesadilla-en-elm-street;1;4;26;1;"Raíz > Inicio > HALLOWEEN > Disfraz terror cine y series > Freddy Krueger (Pesadilla en Elm Street)"
-609;-594;"Disfraces de Reyes Magos";disfraces-de-reyes-magos;1;4;77;1;"Raíz > Inicio > NAVIDAD > Disfraces navideños > Disfraces de Reyes Magos"
-587;-585;"Fiesta Casino";fiesta-casino;1;4;9;1;"Raíz > Inicio > CUMPLEAÑOS Y FIESTAS TEMATICAS > Fiestas temáticas > Fiesta Casino"
-396;-684;"Pelucas y postizos";pelucas-y-postizos;1;4;123;1;"Raíz > Inicio > ACCESORIOS DISFRACES > Cabeza, rostro y pelo > Pelucas y postizos"
-393;-255;Monjas;monjas;1;4;8;1;"Raíz > Inicio > DISFRACES > Disfraz Religioso > Monjas"
-389;-257;Unicornios;unicornios;1;4;13;1;"Raíz > Inicio > DISFRACES > Disfraz Fantasía > Unicornios"
-385;-245;"Dragon Ball";dragon-ball;1;4;11;1;"Raíz > Inicio > DISFRACES > Disfraz Anime > Dragon Ball"
-383;-253;"K-Pop (Mira, Rumi, Zoey)";k-pop-mira-rumi-zoey;1;4;22;1;"Raíz > Inicio > DISFRACES > Disfraz Música y divas > K-Pop (Mira, Rumi, Zoey)"
-379;-247;"Mario Bros";mario-bros;1;4;35;1;"Raíz > Inicio > DISFRACES > Disfraz Videojuegos > Mario Bros"
-373;-254;Animadoras;animadoras;1;4;11;1;"Raíz > Inicio > DISFRACES > Disfraz Deporte > Animadoras"
-372;-259;"Juego de Tronos";juego-de-tronos;1;4;20;1;"Raíz > Inicio > DISFRACES > Disfraz Películas y series > Juego de Tronos"
-369;-248;"Capitanes y Garfio";capitanes-y-garfio;1;4;13;1;"Raíz > Inicio > DISFRACES > Disfraz Piratas > Capitanes y Garfio"
-362;-234;"Aurora (Bella Durmiente)";aurora-bella-durmiente;1;4;9;1;"Raíz > Inicio > DISFRACES > Disfraz Princesas Disney > Aurora (Bella Durmiente)"
-354;-240;"Darth Vader";darth-vader;1;4;16;1;"Raíz > Inicio > DISFRACES > Disfraz Star Wars y ciencia ficción > Darth Vader"
-349;-252;"Hippie (60-70)";hippie-60-70;1;4;45;1;"Raíz > Inicio > DISFRACES > Disfraz Décadas y estilos > Hippie (60-70)"
-341;-256;"Bebidas con alcohol";bebidas-con-alcohol;1;4;13;1;"Raíz > Inicio > DISFRACES > Disfraz Comida y objetos > Bebidas con alcohol"
-336;-246;"Patrulla Canina";patrulla-canina;1;4;15;1;"Raíz > Inicio > DISFRACES > Disfraz Series y dibujos > Patrulla Canina"
-329;-239;"Batman y Bat-Familia";batman-y-bat-familia;1;4;42;1;"Raíz > Inicio > DISFRACES > Disfraz Superhéroes DC > Batman y Bat-Familia"
-320;-237;Aladín;aladin;1;4;20;1;"Raíz > Inicio > DISFRACES > Disfraz Personajes Disney y Pixar > Aladín"
-310;-251;"Indios americanos (nativos)";indios-americanos-nativos;1;4;38;1;"Raíz > Inicio > DISFRACES > Disfraz Cultura regional > Indios americanos (nativos)"
-304;-238;"Spiderman y universo araña";spiderman-y-universo-arana;1;4;59;1;"Raíz > Inicio > DISFRACES > Disfraz Superhéroes Marvel > Spiderman y universo araña"
-290;-233;"Caperucita y el lobo";caperucita-y-el-lobo;1;4;27;1;"Raíz > Inicio > DISFRACES > Disfraz Medieval, cuentos y realeza > Caperucita y el lobo"
-276;-232;"Policía y seguridad";policia-y-seguridad;1;4;56;1;"Raíz > Inicio > DISFRACES > Disfraz Profesiones y oficios > Policía y seguridad"
-261;-231;"Dinosaurios y prehistoria";dinosaurios-y-prehistoria;1;4;27;1;"Raíz > Inicio > DISFRACES > Disfraz Animales y mascotas > Dinosaurios y prehistoria"
-229;-677;"Letras y letreros decorativos";letras-y-letreros-decorativos;1;4;9;1;"Raíz > Inicio > DECORACION Y ARTICULOS DE FIESTA > Papelería, invitaciones y regalo > Letras y letreros decorativos"
-681;-211;"Accesorios y adornos de cumpleaños";accesorios-y-adornos-de-cumpleanos;2;4;0;1;"Raíz > Inicio > CUMPLEAÑOS Y FIESTAS TEMATICAS > Material de fiesta > Accesorios y adornos de cumpleaños"
-670;18;"Cumpleaños Dibujos y TV";cumpleanos-dibujos-y-tv;2;4;0;1;"Raíz > Inicio > CUMPLEAÑOS Y FIESTAS TEMATICAS > CUMPLEAÑOS INFANTIL LICENCIA > Cumpleaños Dibujos y TV"
-626;-135;"Disfraz Cazafantasmas (Ghostbusters)";disfraz-cazafantasmas-ghostbusters;2;4;8;1;"Raíz > Inicio > HALLOWEEN > Disfraz terror cine y series > Disfraz Cazafantasmas (Ghostbusters)"
-610;-594;"Duendes, elfos, gnomos y enanitos";duendes-elfos-gnomos-y-enanitos;2;4;35;1;"Raíz > Inicio > NAVIDAD > Disfraces navideños > Duendes, elfos, gnomos y enanitos"
-588;-585;"Fiesta Oeste vaquera";fiesta-oeste-vaquera;2;4;25;1;"Raíz > Inicio > CUMPLEAÑOS Y FIESTAS TEMATICAS > Fiestas temáticas > Fiesta Oeste vaquera"
-412;-684;"Sombreros, gorros y tocados";sombreros-gorros-y-tocados;2;4;69;1;"Raíz > Inicio > ACCESORIOS DISFRACES > Cabeza, rostro y pelo > Sombreros, gorros y tocados"
-394;-255;"Papas y cardenales";papas-y-cardenales;2;4;11;1;"Raíz > Inicio > DISFRACES > Disfraz Religioso > Papas y cardenales"
-390;-257;Hadas;hadas;2;4;6;1;"Raíz > Inicio > DISFRACES > Disfraz Fantasía > Hadas"
-386;-245;"One Piece";one-piece;2;4;9;1;"Raíz > Inicio > DISFRACES > Disfraz Anime > One Piece"
-384;-253;Elvis;elvis;2;4;10;1;"Raíz > Inicio > DISFRACES > Disfraz Música y divas > Elvis"
-380;-247;Tetris;tetris;2;4;14;1;"Raíz > Inicio > DISFRACES > Disfraz Videojuegos > Tetris"
-374;-254;Boxeo;boxeo;2;4;11;1;"Raíz > Inicio > DISFRACES > Disfraz Deporte > Boxeo"
-370;-248;"Corsarios y bucaneros";corsarios-y-bucaneros;2;4;15;1;"Raíz > Inicio > DISFRACES > Disfraz Piratas > Corsarios y bucaneros"
-363;-234;Blancanieves;blancanieves;2;4;21;1;"Raíz > Inicio > DISFRACES > Disfraz Princesas Disney > Blancanieves"
-355;-240;"Stormtroopers y clones";stormtroopers-y-clones;2;4;11;1;"Raíz > Inicio > DISFRACES > Disfraz Star Wars y ciencia ficción > Stormtroopers y clones"
-350;-252;"Años 20 y Charleston";anos-20-y-charleston-disfraz-decadas-y-estilos;2;4;31;1;"Raíz > Inicio > DISFRACES > Disfraz Décadas y estilos > Años 20 y Charleston"
-342;-256;"Refrescos y latas";refrescos-y-latas;2;4;9;1;"Raíz > Inicio > DISFRACES > Disfraz Comida y objetos > Refrescos y latas"
-337;-246;"PJ Masks";pj-masks;2;4;6;1;"Raíz > Inicio > DISFRACES > Disfraz Series y dibujos > PJ Masks"
-330;-239;Superman;superman;2;4;22;1;"Raíz > Inicio > DISFRACES > Disfraz Superhéroes DC > Superman"
-321;-237;"Alicia en el País";alicia-en-el-pais;2;4;13;1;"Raíz > Inicio > DISFRACES > Disfraz Personajes Disney y Pixar > Alicia en el País"
-311;-251;"Hindú y bollywood";hindu-y-bollywood;2;4;7;1;"Raíz > Inicio > DISFRACES > Disfraz Cultura regional > Hindú y bollywood"
-305;-238;Hulk;hulk;2;4;21;1;"Raíz > Inicio > DISFRACES > Disfraz Superhéroes Marvel > Hulk"
-291;-233;"Cuentos clásicos";cuentos-clasicos;2;4;12;1;"Raíz > Inicio > DISFRACES > Disfraz Medieval, cuentos y realeza > Cuentos clásicos"
-277;-232;Bomberos;bomberos;2;4;15;1;"Raíz > Inicio > DISFRACES > Disfraz Profesiones y oficios > Bomberos"
-262;-231;Gatos;gatos;2;4;14;1;"Raíz > Inicio > DISFRACES > Disfraz Animales y mascotas > Gatos"
-228;-675;"Alfombras para eventos";alfombras-para-eventos;2;4;6;1;"Raíz > Inicio > DECORACION Y ARTICULOS DE FIESTA > Ambiente, textil y luces > Alfombras para eventos"
-682;-211;"Juegos y efectos de fiesta";juegos-y-efectos-de-fiesta;3;4;0;1;"Raíz > Inicio > CUMPLEAÑOS Y FIESTAS TEMATICAS > Material de fiesta > Juegos y efectos de fiesta"
-671;18;"Cumpleaños Anime y Videojuegos";cumpleanos-anime-y-videojuegos;3;4;0;1;"Raíz > Inicio > CUMPLEAÑOS Y FIESTAS TEMATICAS > CUMPLEAÑOS INFANTIL LICENCIA > Cumpleaños Anime y Videojuegos"
-611;-594;"Ángeles y estrellas";angeles-y-estrellas;3;4;10;1;"Raíz > Inicio > NAVIDAD > Disfraces navideños > Ángeles y estrellas"
-589;-585;"Fiesta Hawaiana y tropical";fiesta-hawaiana-y-tropical;3;4;6;1;"Raíz > Inicio > CUMPLEAÑOS Y FIESTAS TEMATICAS > Fiestas temáticas > Fiesta Hawaiana y tropical"
-423;-684;"Máscaras y antifaces";mascaras-y-antifaces;3;4;71;1;"Raíz > Inicio > ACCESORIOS DISFRACES > Cabeza, rostro y pelo > Máscaras y antifaces"
-395;-255;"Curas y religiosos";curas-y-religiosos;3;4;11;1;"Raíz > Inicio > DISFRACES > Disfraz Religioso > Curas y religiosos"
-391;-257;"Magos y hechiceros";magos-y-hechiceros;3;4;9;1;"Raíz > Inicio > DISFRACES > Disfraz Fantasía > Magos y hechiceros"
-387;-245;Pokémon;pokemon;3;4;7;1;"Raíz > Inicio > DISFRACES > Disfraz Anime > Pokémon"
-381;-247;Fortnite;fortnite;3;4;6;1;"Raíz > Inicio > DISFRACES > Disfraz Videojuegos > Fortnite"
-375;-254;"Karate y artes marciales";karate-y-artes-marciales;3;4;8;1;"Raíz > Inicio > DISFRACES > Disfraz Deporte > Karate y artes marciales"
-371;-248;"Piratas femeninas";piratas-femeninas;3;4;11;1;"Raíz > Inicio > DISFRACES > Disfraz Piratas > Piratas femeninas"
-364;-234;Bella;bella;3;4;13;1;"Raíz > Inicio > DISFRACES > Disfraz Princesas Disney > Bella"
-356;-240;"Kylo Ren";kylo-ren;3;4;6;1;"Raíz > Inicio > DISFRACES > Disfraz Star Wars y ciencia ficción > Kylo Ren"
-351;-252;"Años 70 (disco)";anos-70-disco;3;4;16;1;"Raíz > Inicio > DISFRACES > Disfraz Décadas y estilos > Años 70 (disco)"
-343;-256;"Mariscos y pescados";mariscos-y-pescados;3;4;10;1;"Raíz > Inicio > DISFRACES > Disfraz Comida y objetos > Mariscos y pescados"
-338;-246;"Peppa Pig";peppa-pig;3;4;8;1;"Raíz > Inicio > DISFRACES > Disfraz Series y dibujos > Peppa Pig"
-331;-239;Supergirl;supergirl;3;4;14;1;"Raíz > Inicio > DISFRACES > Disfraz Superhéroes DC > Supergirl"
-322;-237;"Mickey y Minnie";mickey-y-minnie;3;4;21;1;"Raíz > Inicio > DISFRACES > Disfraz Personajes Disney y Pixar > Mickey y Minnie"
-312;-251;"Árabe, jeque y harén";arabe-jeque-y-haren;3;4;16;1;"Raíz > Inicio > DISFRACES > Disfraz Cultura regional > Árabe, jeque y harén"
-306;-238;"Iron Man";iron-man;3;4;14;1;"Raíz > Inicio > DISFRACES > Disfraz Superhéroes Marvel > Iron Man"
-292;-233;Vikingos;vikingos;3;4;16;1;"Raíz > Inicio > DISFRACES > Disfraz Medieval, cuentos y realeza > Vikingos"
-278;-232;"Sanidad (médico/enfermera)";sanidad-medico-enfermera;3;4;24;1;"Raíz > Inicio > DISFRACES > Disfraz Profesiones y oficios > Sanidad (médico/enfermera)"
-263;-231;"Perros y dálmatas";perros-y-dalmatas;3;4;21;1;"Raíz > Inicio > DISFRACES > Disfraz Animales y mascotas > Perros y dálmatas"
-58;-675;"Bolas decorativas";bolas-decorativas;3;4;13;1;"Raíz > Inicio > DECORACION Y ARTICULOS DE FIESTA > Ambiente, textil y luces > Bolas decorativas"
-683;-211;"Papelería e invitaciones de cumpleaños";papeleria-e-invitaciones-de-cumpleanos;4;4;0;1;"Raíz > Inicio > CUMPLEAÑOS Y FIESTAS TEMATICAS > Material de fiesta > Papelería e invitaciones de cumpleaños"
-672;18;"Cumpleaños Cine y Música";cumpleanos-cine-y-musica;4;4;0;1;"Raíz > Inicio > CUMPLEAÑOS Y FIESTAS TEMATICAS > CUMPLEAÑOS INFANTIL LICENCIA > Cumpleaños Cine y Música"
-612;-594;"Personajes del belén";personajes-del-belen;4;4;51;1;"Raíz > Inicio > NAVIDAD > Disfraces navideños > Personajes del belén"
-590;-585;"Fiesta Orgullo";fiesta-orgullo;4;4;30;1;"Raíz > Inicio > CUMPLEAÑOS Y FIESTAS TEMATICAS > Fiestas temáticas > Fiesta Orgullo"
-432;-686;"Espadas y armas";espadas-y-armas;4;4;16;1;"Raíz > Inicio > ACCESORIOS DISFRACES > Armas, varitas y props > Espadas y armas"
-392;-257;Dragones;dragones;4;4;12;1;"Raíz > Inicio > DISFRACES > Disfraz Fantasía > Dragones"
-388;-245;"Tortugas Ninja";tortugas-ninja;4;4;6;1;"Raíz > Inicio > DISFRACES > Disfraz Anime > Tortugas Ninja"
-382;-247;"Assassin's Creed";assassin-s-creed;4;4;6;1;"Raíz > Inicio > DISFRACES > Disfraz Videojuegos > Assassin's Creed"
-376;-254;"Fútbol americano y rugby";futbol-americano-y-rugby;4;4;10;1;"Raíz > Inicio > DISFRACES > Disfraz Deporte > Fútbol americano y rugby"
-365;-234;Cenicienta;cenicienta;4;4;16;1;"Raíz > Inicio > DISFRACES > Disfraz Princesas Disney > Cenicienta"
-357;-240;"Mandalorian y Boba Fett";mandalorian-y-boba-fett;4;4;9;1;"Raíz > Inicio > DISFRACES > Disfraz Star Wars y ciencia ficción > Mandalorian y Boba Fett"
-352;-252;"Años 80";anos-80;4;4;6;1;"Raíz > Inicio > DISFRACES > Disfraz Décadas y estilos > Años 80"
-344;-256;"Frutas y verduras";frutas-y-verduras;4;4;7;1;"Raíz > Inicio > DISFRACES > Disfraz Comida y objetos > Frutas y verduras"
-339;-246;"Minions y Gru";minions-y-gru;4;4;9;1;"Raíz > Inicio > DISFRACES > Disfraz Series y dibujos > Minions y Gru"
-332;-239;"Wonder Woman";wonder-woman;4;4;14;1;"Raíz > Inicio > DISFRACES > Disfraz Superhéroes DC > Wonder Woman"
-323;-237;Campanilla;campanilla;4;4;14;1;"Raíz > Inicio > DISFRACES > Disfraz Personajes Disney y Pixar > Campanilla"
-313;-251;"China y oriental";china-y-oriental;4;4;14;1;"Raíz > Inicio > DISFRACES > Disfraz Cultura regional > China y oriental"
-307;-238;"Capitan America";capitan-america;4;4;21;1;"Raíz > Inicio > DISFRACES > Disfraz Superhéroes Marvel > Capitan America"
-293;-233;"Roma (gladiadores y legionarios)";roma-gladiadores-y-legionarios;4;4;31;1;"Raíz > Inicio > DISFRACES > Disfraz Medieval, cuentos y realeza > Roma (gladiadores y legionarios)"
-279;-232;"Cocina (chef)";cocina-chef;4;4;16;1;"Raíz > Inicio > DISFRACES > Disfraz Profesiones y oficios > Cocina (chef)"
-264;-231;Conejos;conejos;4;4;14;1;"Raíz > Inicio > DISFRACES > Disfraz Animales y mascotas > Conejos"
-57;-675;"Luces decorativas";luces-decorativas;4;4;25;1;"Raíz > Inicio > DECORACION Y ARTICULOS DE FIESTA > Ambiente, textil y luces > Luces decorativas"
-613;-594;"Muñecos de nieve, renos y árboles";munecos-de-nieve-renos-y-arboles;5;4;33;1;"Raíz > Inicio > NAVIDAD > Disfraces navideños > Muñecos de nieve, renos y árboles"
-440;-685;"Vestuario y prendas";vestuario-y-prendas;5;4;63;1;"Raíz > Inicio > ACCESORIOS DISFRACES > Vestuario y cuerpo > Vestuario y prendas"
-377;-254;"Baile y majorettes";baile-y-majorettes;5;4;10;1;"Raíz > Inicio > DISFRACES > Disfraz Deporte > Baile y majorettes"
-366;-234;Rapunzel;rapunzel;5;4;14;1;"Raíz > Inicio > DISFRACES > Disfraz Princesas Disney > Rapunzel"
-358;-240;"Jedi (Obi-Wan, Yoda, Rey, Leia)";jedi-obi-wan-yoda-rey-leia;5;4;21;1;"Raíz > Inicio > DISFRACES > Disfraz Star Wars y ciencia ficción > Jedi (Obi-Wan, Yoda, Rey, Leia)"
-353;-252;"Años 50 y Pin-up";anos-50-y-pin-up;5;4;8;1;"Raíz > Inicio > DISFRACES > Disfraz Décadas y estilos > Años 50 y Pin-up"
-345;-256;"Dulces y golosinas";dulces-y-golosinas;5;4;8;1;"Raíz > Inicio > DISFRACES > Disfraz Comida y objetos > Dulces y golosinas"
-340;-246;"Super Zings";super-zings;5;4;6;1;"Raíz > Inicio > DISFRACES > Disfraz Series y dibujos > Super Zings"
-333;-239;Flash;flash;5;4;11;1;"Raíz > Inicio > DISFRACES > Disfraz Superhéroes DC > Flash"
-324;-237;"Toy Story";toy-story;5;4;12;1;"Raíz > Inicio > DISFRACES > Disfraz Personajes Disney y Pixar > Toy Story"
-314;-251;"Japón y ninja";japon-y-ninja;5;4;13;1;"Raíz > Inicio > DISFRACES > Disfraz Cultura regional > Japón y ninja"
-308;-238;Thor;thor;5;4;14;1;"Raíz > Inicio > DISFRACES > Disfraz Superhéroes Marvel > Thor"
-294;-233;"Grecia (dioses y diosas)";grecia-dioses-y-diosas;5;4;6;1;"Raíz > Inicio > DISFRACES > Disfraz Medieval, cuentos y realeza > Grecia (dioses y diosas)"
-280;-232;"Aviación (piloto/azafata)";aviacion-piloto-azafata;5;4;16;1;"Raíz > Inicio > DISFRACES > Disfraz Profesiones y oficios > Aviación (piloto/azafata)"
-265;-231;Osos;osos;5;4;26;1;"Raíz > Inicio > DISFRACES > Disfraz Animales y mascotas > Osos"
-52;-677;Bolsas;bolsas;5;4;7;1;"Raíz > Inicio > DECORACION Y ARTICULOS DE FIESTA > Papelería, invitaciones y regalo > Bolsas"
-446;-686;"Objetos e instrumentos";objetos-e-instrumentos;6;4;60;1;"Raíz > Inicio > ACCESORIOS DISFRACES > Armas, varitas y props > Objetos e instrumentos"
-378;-254;"Otros deportes";otros-deportes;6;4;8;1;"Raíz > Inicio > DISFRACES > Disfraz Deporte > Otros deportes"
-367;-234;"Sirenita (Ariel)";sirenita-ariel;6;4;6;1;"Raíz > Inicio > DISFRACES > Disfraz Princesas Disney > Sirenita (Ariel)"
-359;-240;"Avatar (película)";avatar-pelicula;6;4;8;1;"Raíz > Inicio > DISFRACES > Disfraz Star Wars y ciencia ficción > Avatar (película)"
-346;-256;"Emoticonos y redes";emoticonos-y-redes;6;4;14;1;"Raíz > Inicio > DISFRACES > Disfraz Comida y objetos > Emoticonos y redes"
-334;-239;"Robin (DC)";robin-dc;6;4;8;1;"Raíz > Inicio > DISFRACES > Disfraz Superhéroes DC > Robin (DC)"
-325;-237;Shrek;shrek;6;4;7;1;"Raíz > Inicio > DISFRACES > Disfraz Personajes Disney y Pixar > Shrek"
-315;-251;"Tiroles y bávaro (Alemania)";tiroles-y-bavaro-alemania;6;4;17;1;"Raíz > Inicio > DISFRACES > Disfraz Cultura regional > Tiroles y bávaro (Alemania)"
-309;-238;"Superhéroes genéricos";superheroes-genericos;6;4;18;1;"Raíz > Inicio > DISFRACES > Disfraz Superhéroes Marvel > Superhéroes genéricos"
-295;-233;"Egipto (faraones y dioses)";egipto-faraones-y-dioses;6;4;15;1;"Raíz > Inicio > DISFRACES > Disfraz Medieval, cuentos y realeza > Egipto (faraones y dioses)"
-281;-232;"Soldados y ejército";soldados-y-ejercito;6;4;19;1;"Raíz > Inicio > DISFRACES > Disfraz Profesiones y oficios > Soldados y ejército"
-266;-231;"Felinos (león, tigre, leopardo)";felinos-leon-tigre-leopardo;6;4;26;1;"Raíz > Inicio > DISFRACES > Disfraz Animales y mascotas > Felinos (león, tigre, leopardo)"
-44;-673;Copas;copas;6;4;19;1;"Raíz > Inicio > DECORACION Y ARTICULOS DE FIESTA > Mesa, vajilla y candy bar > Copas"
-453;-684;"Diademas, tiaras y coronas";diademas-tiaras-y-coronas;7;4;0;1;"Raíz > Inicio > ACCESORIOS DISFRACES > Cabeza, rostro y pelo > Diademas, tiaras y coronas"
-368;-234;Jasmín;jasmin;7;4;7;1;"Raíz > Inicio > DISFRACES > Disfraz Princesas Disney > Jasmín"
-360;-240;Alienígenas;alienigenas;7;4;8;1;"Raíz > Inicio > DISFRACES > Disfraz Star Wars y ciencia ficción > Alienígenas"
-347;-256;"Cartas y azar";cartas-y-azar;7;4;13;1;"Raíz > Inicio > DISFRACES > Disfraz Comida y objetos > Cartas y azar"
-335;-239;Catwoman;catwoman;7;4;6;1;"Raíz > Inicio > DISFRACES > Disfraz Superhéroes DC > Catwoman"
-326;-237;"Peter Pan";peter-pan;7;4;10;1;"Raíz > Inicio > DISFRACES > Disfraz Personajes Disney y Pixar > Peter Pan"
-316;-251;"Méjico y mariachi";mejico-y-mariachi;7;4;13;1;"Raíz > Inicio > DISFRACES > Disfraz Cultura regional > Méjico y mariachi"
-296;-233;"Mosqueteros y D'Artagnan";mosqueteros-y-d-artagnan;7;4;9;1;"Raíz > Inicio > DISFRACES > Disfraz Medieval, cuentos y realeza > Mosqueteros y D'Artagnan"
-282;-232;"Marina y marinero";marina-y-marinero;7;4;20;1;"Raíz > Inicio > DISFRACES > Disfraz Profesiones y oficios > Marina y marinero"
-267;-231;"Granja y corral";granja-y-corral;7;4;52;1;"Raíz > Inicio > DISFRACES > Disfraz Animales y mascotas > Granja y corral"
-42;-674;Pompones;pompones;7;4;59;1;"Raíz > Inicio > DECORACION Y ARTICULOS DE FIESTA > Decoración colgante > Pompones"
-460;-685;"Medias y calcetines";medias-y-calcetines;8;4;1;1;"Raíz > Inicio > ACCESORIOS DISFRACES > Vestuario y cuerpo > Medias y calcetines"
-361;-240;"Espaciales genéricos";espaciales-genericos;8;4;8;1;"Raíz > Inicio > DISFRACES > Disfraz Star Wars y ciencia ficción > Espaciales genéricos"
-348;-256;"Objetos y hogar";objetos-y-hogar;8;4;18;1;"Raíz > Inicio > DISFRACES > Disfraz Comida y objetos > Objetos y hogar"
-327;-237;"La Bella y la Bestia";la-bella-y-la-bestia;8;4;9;1;"Raíz > Inicio > DISFRACES > Disfraz Personajes Disney y Pixar > La Bella y la Bestia"
-317;-251;"Flamenca, sevillana y andaluz";flamenca-sevillana-y-andaluz;8;4;30;1;"Raíz > Inicio > DISFRACES > Disfraz Cultura regional > Flamenca, sevillana y andaluz"
-297;-233;"Realeza medieval (rey/reina/príncipe)";realeza-medieval-rey-reina-principe;8;4;34;1;"Raíz > Inicio > DISFRACES > Disfraz Medieval, cuentos y realeza > Realeza medieval (rey/reina/príncipe)"
-283;-232;"Vaquero y western";vaquero-y-western;8;4;24;1;"Raíz > Inicio > DISFRACES > Disfraz Profesiones y oficios > Vaquero y western"
-268;-231;"Monos y simios";monos-y-simios;8;4;13;1;"Raíz > Inicio > DISFRACES > Disfraz Animales y mascotas > Monos y simios"
-41;-673;Velas;velas;8;4;31;1;"Raíz > Inicio > DECORACION Y ARTICULOS DE FIESTA > Mesa, vajilla y candy bar > Velas"
-328;-237;"Mary Poppins";mary-poppins;9;4;6;1;"Raíz > Inicio > DISFRACES > Disfraz Personajes Disney y Pixar > Mary Poppins"
-318;-251;"Toreros y matadores";toreros-y-matadores;9;4;13;1;"Raíz > Inicio > DISFRACES > Disfraz Cultura regional > Toreros y matadores"
-298;-233;"Damas y cortesanas";damas-y-cortesanas;9;4;27;1;"Raíz > Inicio > DISFRACES > Disfraz Medieval, cuentos y realeza > Damas y cortesanas"
-284;-232;Gánster;ganster;9;4;11;1;"Raíz > Inicio > DISFRACES > Disfraz Profesiones y oficios > Gánster"
-269;-231;Aves;aves;9;4;11;1;"Raíz > Inicio > DISFRACES > Disfraz Animales y mascotas > Aves"
-24;-676;Matasuegras;matasuegras;9;4;32;1;"Raíz > Inicio > DECORACION Y ARTICULOS DE FIESTA > Efectos, juegos y bromas > Matasuegras"
247;-684;Maquillaje;maquillaje;9;4;3;0;"Raíz > Inicio > ACCESORIOS DISFRACES > Cabeza, rostro y pelo > Maquillaje"
-464;-685;Guantes;guantes;10;4;32;1;"Raíz > Inicio > ACCESORIOS DISFRACES > Vestuario y cuerpo > Guantes"
-319;-251;Esquimales;esquimales;10;4;7;1;"Raíz > Inicio > DISFRACES > Disfraz Cultura regional > Esquimales"
-299;-233;"Pueblo medieval (tabernas/campo)";pueblo-medieval-tabernas-campo;10;4;26;1;"Raíz > Inicio > DISFRACES > Disfraz Medieval, cuentos y realeza > Pueblo medieval (tabernas/campo)"
-285;-232;"Presos y prisión";presos-y-prision;10;4;12;1;"Raíz > Inicio > DISFRACES > Disfraz Profesiones y oficios > Presos y prisión"
-270;-231;Pingüinos;pinguinos;10;4;7;1;"Raíz > Inicio > DISFRACES > Disfraz Animales y mascotas > Pingüinos"
-23;-674;Faldones;faldones;10;4;19;1;"Raíz > Inicio > DECORACION Y ARTICULOS DE FIESTA > Decoración colgante > Faldones"
249;-207;Despedidas;despedidas;10;4;147;0;"Raíz > Inicio > CUMPLEAÑOS Y FIESTAS TEMATICAS > Fiestas especiales > Despedidas"
-591;-207;"Fiesta Graduación";fiesta-graduacion;11;4;23;1;"Raíz > Inicio > CUMPLEAÑOS Y FIESTAS TEMATICAS > Fiestas especiales > Fiesta Graduación"
-468;-684;Gafas;gafas;11;4;60;1;"Raíz > Inicio > ACCESORIOS DISFRACES > Cabeza, rostro y pelo > Gafas"
-300;-233;"Caballeros y cruzados";caballeros-y-cruzados;11;4;11;1;"Raíz > Inicio > DISFRACES > Disfraz Medieval, cuentos y realeza > Caballeros y cruzados"
-286;-232;"Circo (payasos y domadores)";circo-payasos-y-domadores;11;4;29;1;"Raíz > Inicio > DISFRACES > Disfraz Profesiones y oficios > Circo (payasos y domadores)"
-271;-231;"Animales marinos";animales-marinos;11;4;17;1;"Raíz > Inicio > DISFRACES > Disfraz Animales y mascotas > Animales marinos"
-21;-674;Cortinas;cortinas;11;4;48;1;"Raíz > Inicio > DECORACION Y ARTICULOS DE FIESTA > Decoración colgante > Cortinas"
-473;-685;"Pajaritas y corbatas";pajaritas-y-corbatas;12;4;36;1;"Raíz > Inicio > ACCESORIOS DISFRACES > Vestuario y cuerpo > Pajaritas y corbatas"
-301;-233;"Mercenarios y guerreros";mercenarios-y-guerreros;12;4;8;1;"Raíz > Inicio > DISFRACES > Disfraz Medieval, cuentos y realeza > Mercenarios y guerreros"
-287;-232;Astronautas;astronautas;12;4;8;1;"Raíz > Inicio > DISFRACES > Disfraz Profesiones y oficios > Astronautas"
-272;-231;"Insectos y bichos";insectos-y-bichos;12;4;33;1;"Raíz > Inicio > DISFRACES > Disfraz Animales y mascotas > Insectos y bichos"
-16;-676;Bromas;bromas;12;4;226;1;"Raíz > Inicio > DECORACION Y ARTICULOS DE FIESTA > Efectos, juegos y bromas > Bromas"
-477;-684;"Bigotes, barbas y cejas";bigotes-barbas-y-cejas;13;4;8;1;"Raíz > Inicio > ACCESORIOS DISFRACES > Cabeza, rostro y pelo > Bigotes, barbas y cejas"
-302;-233;"Siglos XVII-XVIII (nobleza)";siglos-xvii-xviii-nobleza;13;4;7;1;"Raíz > Inicio > DISFRACES > Disfraz Medieval, cuentos y realeza > Siglos XVII-XVIII (nobleza)"
-288;-232;"Exploradores y safari";exploradores-y-safari;13;4;6;1;"Raíz > Inicio > DISFRACES > Disfraz Profesiones y oficios > Exploradores y safari"
-273;-231;"Anfibios y reptiles";anfibios-y-reptiles;13;4;13;1;"Raíz > Inicio > DISFRACES > Disfraz Animales y mascotas > Anfibios y reptiles"
-15;-673;"Mesa dulce y candy bar";mesa-dulce-y-candy-bar;13;4;29;1;"Raíz > Inicio > DECORACION Y ARTICULOS DE FIESTA > Mesa, vajilla y candy bar > Mesa dulce y candy bar"
-480;-685;"Tutús y faldas";tutus-y-faldas;14;4;7;1;"Raíz > Inicio > ACCESORIOS DISFRACES > Vestuario y cuerpo > Tutús y faldas"
-303;-233;"Robin Hood";robin-hood;14;4;10;1;"Raíz > Inicio > DISFRACES > Disfraz Medieval, cuentos y realeza > Robin Hood"
-289;-232;"Obreros y oficios";obreros-y-oficios;14;4;10;1;"Raíz > Inicio > DISFRACES > Disfraz Profesiones y oficios > Obreros y oficios"
-274;-231;Roedores;roedores;14;4;13;1;"Raíz > Inicio > DISFRACES > Disfraz Animales y mascotas > Roedores"
-14;-675;Bandas;bandas;14;4;7;1;"Raíz > Inicio > DECORACION Y ARTICULOS DE FIESTA > Ambiente, textil y luces > Bandas"
-483;-684;"Dientes, colmillos y prótesis faciales";dientes-colmillos-y-protesis-faciales;15;4;36;1;"Raíz > Inicio > ACCESORIOS DISFRACES > Cabeza, rostro y pelo > Dientes, colmillos y prótesis faciales"
-275;-231;"Salvajes y otros";salvajes-y-otros;15;4;35;1;"Raíz > Inicio > DISFRACES > Disfraz Animales y mascotas > Salvajes y otros"
-10;-678;"Collares de fiesta y leis";collares-de-fiesta-y-leis;15;4;11;1;"Raíz > Inicio > DECORACION Y ARTICULOS DE FIESTA > Halloween y adornos > Collares de fiesta y leis"
-488;-685;"Collares y cadenas";collares-y-cadenas;16;4;5;1;"Raíz > Inicio > ACCESORIOS DISFRACES > Vestuario y cuerpo > Collares y cadenas"
-8;-676;Piñata;pinata;16;4;131;1;"Raíz > Inicio > DECORACION Y ARTICULOS DE FIESTA > Efectos, juegos y bromas > Piñata"
255;-209;"Fiesta neon";fiesta-neon;16;4;9;0;"Raíz > Inicio > CUMPLEAÑOS Y FIESTAS TEMATICAS > Cumpleaños infantil sin licencia > Fiesta neon"
-592;-209;"Cumpleaños baloncesto";cumpleanos-baloncesto;17;4;7;1;"Raíz > Inicio > CUMPLEAÑOS Y FIESTAS TEMATICAS > Cumpleaños infantil sin licencia > Cumpleaños baloncesto"
-492;-684;Cascos;cascos;17;4;15;1;"Raíz > Inicio > ACCESORIOS DISFRACES > Cabeza, rostro y pelo > Cascos"
-7;-673;Platos;platos;17;4;114;1;"Raíz > Inicio > DECORACION Y ARTICULOS DE FIESTA > Mesa, vajilla y candy bar > Platos"
-593;-209;"Cumpleaños caballos";cumpleanos-caballos;18;4;7;1;"Raíz > Inicio > CUMPLEAÑOS Y FIESTAS TEMATICAS > Cumpleaños infantil sin licencia > Cumpleaños caballos"
-496;-687;"Joyas, anillos y pulseras";joyas-anillos-y-pulseras;18;4;12;1;"Raíz > Inicio > ACCESORIOS DISFRACES > Adornos y complementos > Joyas, anillos y pulseras"
-6;-674;Banderas;banderas;18;4;91;1;"Raíz > Inicio > DECORACION Y ARTICULOS DE FIESTA > Decoración colgante > Banderas"
-498;-685;"Boas y plumas";boas-y-plumas;19;4;24;1;"Raíz > Inicio > ACCESORIOS DISFRACES > Vestuario y cuerpo > Boas y plumas"
-5;-674;Globos;globos;19;4;0;1;"Raíz > Inicio > DECORACION Y ARTICULOS DE FIESTA > Decoración colgante > Globos"
-501;-686;"Varitas y cetros";varitas-y-cetros;20;4;13;1;"Raíz > Inicio > ACCESORIOS DISFRACES > Armas, varitas y props > Varitas y cetros"
-4;-674;Guirnaldas;guirnaldas;20;4;0;1;"Raíz > Inicio > DECORACION Y ARTICULOS DE FIESTA > Decoración colgante > Guirnaldas"
-505;-687;"Bandas de celebración";bandas-de-celebracion;21;4;10;1;"Raíz > Inicio > ACCESORIOS DISFRACES > Adornos y complementos > Bandas de celebración"
-2;-674;"Farolillos de feria";farolillos-de-feria;21;4;34;1;"Raíz > Inicio > DECORACION Y ARTICULOS DE FIESTA > Decoración colgante > Farolillos de feria"
-507;-685;Calzado;calzado;22;4;10;1;"Raíz > Inicio > ACCESORIOS DISFRACES > Vestuario y cuerpo > Calzado"
231;-675;Tul;tul;22;4;40;0;"Raíz > Inicio > DECORACION Y ARTICULOS DE FIESTA > Ambiente, textil y luces > Tul"
-508;-685;"Capas y mantos";capas-y-mantos;23;4;19;1;"Raíz > Inicio > ACCESORIOS DISFRACES > Vestuario y cuerpo > Capas y mantos"
257;-676;"Cañones de confeti";canones-de-confeti;23;4;61;0;"Raíz > Inicio > DECORACION Y ARTICULOS DE FIESTA > Efectos, juegos y bromas > Cañones de confeti"
-511;-685;Alas;alas;24;4;17;1;"Raíz > Inicio > ACCESORIOS DISFRACES > Vestuario y cuerpo > Alas"
266;-673;Cubiertos;cubiertos;24;4;34;0;"Raíz > Inicio > DECORACION Y ARTICULOS DE FIESTA > Mesa, vajilla y candy bar > Cubiertos"
-513;-687;"Tatuajes, piercings y gemas";tatuajes-piercings-y-gemas;25;4;29;1;"Raíz > Inicio > ACCESORIOS DISFRACES > Adornos y complementos > Tatuajes, piercings y gemas"
310;-676;Bengalas;bengalas;25;4;4;0;"Raíz > Inicio > DECORACION Y ARTICULOS DE FIESTA > Efectos, juegos y bromas > Bengalas"
-614;-673;Vasos;vasos;26;4;0;1;"Raíz > Inicio > DECORACION Y ARTICULOS DE FIESTA > Mesa, vajilla y candy bar > Vasos"
-514;-686;"Bastones y cachabas";bastones-y-cachabas;26;4;23;1;"Raíz > Inicio > ACCESORIOS DISFRACES > Armas, varitas y props > Bastones y cachabas"
-615;-673;Servilletas;servilletas;27;4;0;1;"Raíz > Inicio > DECORACION Y ARTICULOS DE FIESTA > Mesa, vajilla y candy bar > Servilletas"
-515;-687;"Conjuntos de accesorios";conjuntos-de-accesorios;27;4;21;1;"Raíz > Inicio > ACCESORIOS DISFRACES > Adornos y complementos > Conjuntos de accesorios"
-616;-673;Manteles;manteles;28;4;0;1;"Raíz > Inicio > DECORACION Y ARTICULOS DE FIESTA > Mesa, vajilla y candy bar > Manteles"
-516;-685;"Cinturones y fajines";cinturones-y-fajines;28;4;20;1;"Raíz > Inicio > ACCESORIOS DISFRACES > Vestuario y cuerpo > Cinturones y fajines"
267;-208;"Fiesta 15 cumpleaños";fiesta-15-cumpleanos;28;4;6;0;"Raíz > Inicio > CUMPLEAÑOS Y FIESTAS TEMATICAS > Cumpleaños por edad > Fiesta 15 cumpleaños"
-617;-673;"Kits y conjuntos";kits-y-conjuntos;29;4;4;1;"Raíz > Inicio > DECORACION Y ARTICULOS DE FIESTA > Mesa, vajilla y candy bar > Kits y conjuntos"
-517;-686;"Abanicos y sombrillas";abanicos-y-sombrillas;29;4;17;1;"Raíz > Inicio > ACCESORIOS DISFRACES > Armas, varitas y props > Abanicos y sombrillas"
-618;-678;"Calaveras y cráneos";calaveras-y-craneos;30;4;0;1;"Raíz > Inicio > DECORACION Y ARTICULOS DE FIESTA > Halloween y adornos > Calaveras y cráneos"
-518;-686;"Cigarrillos y boquillas";cigarrillos-y-boquillas;30;4;10;1;"Raíz > Inicio > ACCESORIOS DISFRACES > Armas, varitas y props > Cigarrillos y boquillas"
-619;-678;"Telarañas y telas de araña";telaranas-y-telas-de-arana;31;4;0;1;"Raíz > Inicio > DECORACION Y ARTICULOS DE FIESTA > Halloween y adornos > Telarañas y telas de araña"
-520;-686;"Bolsos y maletines";bolsos-y-maletines;31;4;12;1;"Raíz > Inicio > ACCESORIOS DISFRACES > Armas, varitas y props > Bolsos y maletines"
-620;-678;"Lápidas y cementerios";lapidas-y-cementerios;32;4;0;1;"Raíz > Inicio > DECORACION Y ARTICULOS DE FIESTA > Halloween y adornos > Lápidas y cementerios"
-521;-686;"Cuerdas y esposas";cuerdas-y-esposas;32;4;7;1;"Raíz > Inicio > ACCESORIOS DISFRACES > Armas, varitas y props > Cuerdas y esposas"
-625;-674;"Decoración colgante (techo, rack y pared)";decoracion-colgante-techo-rack-y-pared;33;4;30;1;"Raíz > Inicio > DECORACION Y ARTICULOS DE FIESTA > Decoración colgante > Decoración colgante (techo, rack y pared)"
-523;-687;"Uñas postizas";unas-postizas;33;4;8;1;"Raíz > Inicio > ACCESORIOS DISFRACES > Adornos y complementos > Uñas postizas"
-659;-677;"Cajas y estuches";cajas-y-estuches;34;4;0;1;"Raíz > Inicio > DECORACION Y ARTICULOS DE FIESTA > Papelería, invitaciones y regalo > Cajas y estuches"
-621;-685;"Manos y miembros de monstruo";manos-y-miembros-de-monstruo;34;4;0;1;"Raíz > Inicio > ACCESORIOS DISFRACES > Vestuario y cuerpo > Manos y miembros de monstruo"
-667;-686;Llaveros;llaveros;35;4;0;1;"Raíz > Inicio > ACCESORIOS DISFRACES > Armas, varitas y props > Llaveros"
-660;-675;"Figuras y adornos decorativos";figuras-y-adornos-decorativos;35;4;0;1;"Raíz > Inicio > DECORACION Y ARTICULOS DE FIESTA > Ambiente, textil y luces > Figuras y adornos decorativos"
-661;-677;"Papelería e invitaciones";papeleria-e-invitaciones;36;4;0;1;"Raíz > Inicio > DECORACION Y ARTICULOS DE FIESTA > Papelería, invitaciones y regalo > Papelería e invitaciones"
-662;-675;"Textil y telas";textil-y-telas;37;4;0;1;"Raíz > Inicio > DECORACION Y ARTICULOS DE FIESTA > Ambiente, textil y luces > Textil y telas"
-663;-673;"Toppers y pinchos";toppers-y-pinchos;38;4;0;1;"Raíz > Inicio > DECORACION Y ARTICULOS DE FIESTA > Mesa, vajilla y candy bar > Toppers y pinchos"
-664;-677;"Photocall y marcos";photocall-y-marcos;39;4;0;1;"Raíz > Inicio > DECORACION Y ARTICULOS DE FIESTA > Papelería, invitaciones y regalo > Photocall y marcos"
-665;-673;"Bandejas y fuentes";bandejas-y-fuentes;40;4;0;1;"Raíz > Inicio > DECORACION Y ARTICULOS DE FIESTA > Mesa, vajilla y candy bar > Bandejas y fuentes"
-666;-673;"Botellas y cantimploras";botellas-y-cantimploras;41;4;0;1;"Raíz > Inicio > DECORACION Y ARTICULOS DE FIESTA > Mesa, vajilla y candy bar > Botellas y cantimploras"
-650;-37;"Globos Primera Comunión";globos-primera-comunion;0;5;57;1;"Raíz > Inicio > CUMPLEAÑOS Y FIESTAS TEMATICAS > Fiestas especiales > Primera Comunión > Globos Primera Comunión"
-627;-129;"Máscaras de payaso";mascaras-de-payaso;0;5;45;1;"Raíz > Inicio > HALLOWEEN > Mascaras y Caretas Halloween > Mascaras completas > Máscaras de payaso"
-227;-4;Temáticas;tematicas;0;5;13;1;"Raíz > Inicio > DECORACION Y ARTICULOS DE FIESTA > Decoración colgante > Guirnaldas > Temáticas"
-226;-4;"Formas y brillos";formas-y-brillos;0;5;30;1;"Raíz > Inicio > DECORACION Y ARTICULOS DE FIESTA > Decoración colgante > Guirnaldas > Formas y brillos"
-225;-4;"Felicidades y mensajes";felicidades-y-mensajes;0;5;6;1;"Raíz > Inicio > DECORACION Y ARTICULOS DE FIESTA > Decoración colgante > Guirnaldas > Felicidades y mensajes"
-224;-4;"Banderines y triángulos";banderines-y-triangulos;0;5;31;1;"Raíz > Inicio > DECORACION Y ARTICULOS DE FIESTA > Decoración colgante > Guirnaldas > Banderines y triángulos"
-223;-4;"Flecos y cascadas";flecos-y-cascadas;0;5;29;1;"Raíz > Inicio > DECORACION Y ARTICULOS DE FIESTA > Decoración colgante > Guirnaldas > Flecos y cascadas"
-216;-5;"Globos modelar (globoflexia)";globos-modelar-globoflexia;0;5;69;1;"Raíz > Inicio > DECORACION Y ARTICULOS DE FIESTA > Decoración colgante > Globos > Globos modelar (globoflexia)"
-215;-5;"Globos gigantes";globos-gigantes;0;5;52;1;"Raíz > Inicio > DECORACION Y ARTICULOS DE FIESTA > Decoración colgante > Globos > Globos gigantes"
-214;-5;"Globos personajes y marcas";globos-personajes-y-marcas;0;5;21;1;"Raíz > Inicio > DECORACION Y ARTICULOS DE FIESTA > Decoración colgante > Globos > Globos personajes y marcas"
-213;-5;"Globos números y letras";globos-numeros-y-letras;0;5;43;1;"Raíz > Inicio > DECORACION Y ARTICULOS DE FIESTA > Decoración colgante > Globos > Globos números y letras"
-212;-5;"Globos látex lisos";globos-latex-lisos;0;5;534;1;"Raíz > Inicio > DECORACION Y ARTICULOS DE FIESTA > Decoración colgante > Globos > Globos látex lisos"
-180;-682;"Juguetes de fiesta";juguetes-de-fiesta;0;5;13;1;"Raíz > Inicio > CUMPLEAÑOS Y FIESTAS TEMATICAS > Material de fiesta > Juegos y efectos de fiesta > Juguetes de fiesta"
-164;-670;"Cumpleaños Pitufos";cumpleanos-pitufos;0;5;8;1;"Raíz > Inicio > CUMPLEAÑOS Y FIESTAS TEMATICAS > CUMPLEAÑOS INFANTIL LICENCIA > Cumpleaños Dibujos y TV > Cumpleaños Pitufos"
-105;-79;"Fiesta Halloween";fiesta-halloween;0;5;131;1;"Raíz > Inicio > HALLOWEEN > Disfraz Halloween > Complementos Halloween > Fiesta Halloween"
-89;-81;"Accesorio Familia Addams";accesorio-familia-addams;0;5;8;1;"Raíz > Inicio > HALLOWEEN > Disfraz terror cine y series > Disfraz Familia Addams > Accesorio Familia Addams"
-82;-81;"Complementos Familia Addams";complementos-familia-addams;0;5;18;1;"Raíz > Inicio > HALLOWEEN > Disfraz terror cine y series > Disfraz Familia Addams > Complementos Familia Addams"
-56;-5;"Accesorios para globos";accesorios-para-globos;0;5;1;1;"Raíz > Inicio > DECORACION Y ARTICULOS DE FIESTA > Decoración colgante > Globos > Accesorios para globos"
248;-4;"Guirnaldas papel";guirnaldas-papel;0;5;19;0;"Raíz > Inicio > DECORACION Y ARTICULOS DE FIESTA > Decoración colgante > Guirnaldas > Guirnaldas papel"
-651;-37;"Decoración y guirnaldas Primera Comunión";decoracion-y-guirnaldas-primera-comunion;1;5;30;1;"Raíz > Inicio > CUMPLEAÑOS Y FIESTAS TEMATICAS > Fiestas especiales > Primera Comunión > Decoración y guirnaldas Primera Comunión"
-628;-129;"Máscaras de terror de cine y series";mascaras-de-terror-de-cine-y-series;1;5;79;1;"Raíz > Inicio > HALLOWEEN > Mascaras y Caretas Halloween > Mascaras completas > Máscaras de terror de cine y series"
-574;247;"Maquillaje de cara y cuerpo (al agua y gel)";maquillaje-de-cara-y-cuerpo-al-agua-y-gel;1;5;137;1;"Raíz > Inicio > ACCESORIOS DISFRACES > Cabeza, rostro y pelo > Maquillaje > Maquillaje de cara y cuerpo (al agua y gel)"
-572;-507;Zapatos;zapatos;1;5;16;1;"Raíz > Inicio > ACCESORIOS DISFRACES > Vestuario y cuerpo > Calzado > Zapatos"
-570;-488;Collares;collares;1;5;23;1;"Raíz > Inicio > ACCESORIOS DISFRACES > Vestuario y cuerpo > Collares y cadenas > Collares"
-568;-453;Diademas;diademas;1;5;35;1;"Raíz > Inicio > ACCESORIOS DISFRACES > Cabeza, rostro y pelo > Diademas, tiaras y coronas > Diademas"
-565;-496;"Joyas faciales y adhesivas";joyas-faciales-y-adhesivas;1;5;28;1;"Raíz > Inicio > ACCESORIOS DISFRACES > Adornos y complementos > Joyas, anillos y pulseras > Joyas faciales y adhesivas"
-564;-468;"Gafas de broma";gafas-de-broma;1;5;11;1;"Raíz > Inicio > ACCESORIOS DISFRACES > Cabeza, rostro y pelo > Gafas > Gafas de broma"
-563;-480;Tutús;tutus;1;5;63;1;"Raíz > Inicio > ACCESORIOS DISFRACES > Vestuario y cuerpo > Tutús y faldas > Tutús"
-561;-477;Bigotes;bigotes;1;5;49;1;"Raíz > Inicio > ACCESORIOS DISFRACES > Cabeza, rostro y pelo > Bigotes, barbas y cejas > Bigotes"
-559;-473;"Pajaritas de lentejuelas";pajaritas-de-lentejuelas;1;5;29;1;"Raíz > Inicio > ACCESORIOS DISFRACES > Vestuario y cuerpo > Pajaritas y corbatas > Pajaritas de lentejuelas"
-556;-464;"Guantes cortos";guantes-cortos;1;5;26;1;"Raíz > Inicio > ACCESORIOS DISFRACES > Vestuario y cuerpo > Guantes > Guantes cortos"
-551;-432;"Pistolas y revólveres";pistolas-y-revolveres;1;5;27;1;"Raíz > Inicio > ACCESORIOS DISFRACES > Armas, varitas y props > Espadas y armas > Pistolas y revólveres"
-550;-446;"Hinchables e inflables";hinchables-e-inflables;1;5;47;1;"Raíz > Inicio > ACCESORIOS DISFRACES > Armas, varitas y props > Objetos e instrumentos > Hinchables e inflables"
-545;-440;Chalecos;chalecos;1;5;28;1;"Raíz > Inicio > ACCESORIOS DISFRACES > Vestuario y cuerpo > Vestuario y prendas > Chalecos"
-543;-423;"Máscaras venecianas";mascaras-venecianas;1;5;40;1;"Raíz > Inicio > ACCESORIOS DISFRACES > Cabeza, rostro y pelo > Máscaras y antifaces > Máscaras venecianas"
-537;-412;Chisteras;chisteras;1;5;52;1;"Raíz > Inicio > ACCESORIOS DISFRACES > Cabeza, rostro y pelo > Sombreros, gorros y tocados > Chisteras"
-530;-396;"Flequillos postizos";flequillos-postizos;1;5;70;1;"Raíz > Inicio > ACCESORIOS DISFRACES > Cabeza, rostro y pelo > Pelucas y postizos > Flequillos postizos"
-524;-460;"Polainas, calentadores y cubrebotas";polainas-calentadores-y-cubrebotas;1;5;9;1;"Raíz > Inicio > ACCESORIOS DISFRACES > Vestuario y cuerpo > Medias y calcetines > Polainas, calentadores y cubrebotas"
-522;-521;Profesiones;profesiones;1;5;6;1;"Raíz > Inicio > ACCESORIOS DISFRACES > Armas, varitas y props > Cuerdas y esposas > Profesiones"
-519;-518;"Años 20 y Charleston";anos-20-y-charleston;1;5;6;1;"Raíz > Inicio > ACCESORIOS DISFRACES > Armas, varitas y props > Cigarrillos y boquillas > Años 20 y Charleston"
-512;-511;"Hadas y fantasía";hadas-y-fantasia;1;5;16;1;"Raíz > Inicio > ACCESORIOS DISFRACES > Vestuario y cuerpo > Alas > Hadas y fantasía"
-509;-508;"Cultura regional";cultura-regional;1;5;11;1;"Raíz > Inicio > ACCESORIOS DISFRACES > Vestuario y cuerpo > Capas y mantos > Cultura regional"
-506;-505;Celebraciones;celebraciones;1;5;29;1;"Raíz > Inicio > ACCESORIOS DISFRACES > Adornos y complementos > Bandas de celebración > Celebraciones"
-502;-501;"Hadas y fantasía";hadas-y-fantasia-varitas-y-cetros;1;5;13;1;"Raíz > Inicio > ACCESORIOS DISFRACES > Armas, varitas y props > Varitas y cetros > Hadas y fantasía"
-499;-498;"Años 20 y Charleston";anos-20-y-charleston-boas-y-plumas;1;5;26;1;"Raíz > Inicio > ACCESORIOS DISFRACES > Vestuario y cuerpo > Boas y plumas > Años 20 y Charleston"
-497;-496;"Cultura regional";cultura-regional-joyas-anillos-y-pulseras;1;5;6;1;"Raíz > Inicio > ACCESORIOS DISFRACES > Adornos y complementos > Joyas, anillos y pulseras > Cultura regional"
-493;-492;Profesiones;profesiones-cascos;1;5;29;1;"Raíz > Inicio > ACCESORIOS DISFRACES > Cabeza, rostro y pelo > Cascos > Profesiones"
-489;-488;"Cultura regional";cultura-regional-collares-y-cadenas;1;5;27;1;"Raíz > Inicio > ACCESORIOS DISFRACES > Vestuario y cuerpo > Collares y cadenas > Cultura regional"
-484;-483;Animales;animales;1;5;24;1;"Raíz > Inicio > ACCESORIOS DISFRACES > Cabeza, rostro y pelo > Dientes, colmillos y prótesis faciales > Animales"
-481;-480;"Años 80 y 90";anos-80-y-90-tutus-y-faldas;1;5;17;1;"Raíz > Inicio > ACCESORIOS DISFRACES > Vestuario y cuerpo > Tutús y faldas > Años 80 y 90"
-478;-477;"Medieval y caballeros";medieval-y-caballeros-bigotes-barbas-y-cejas;1;5;13;1;"Raíz > Inicio > ACCESORIOS DISFRACES > Cabeza, rostro y pelo > Bigotes, barbas y cejas > Medieval y caballeros"
-474;-473;Animales;animales-pajaritas-y-corbatas;1;5;8;1;"Raíz > Inicio > ACCESORIOS DISFRACES > Vestuario y cuerpo > Pajaritas y corbatas > Animales"
-469;-468;"Hippie y 70";hippie-y-70-gafas;1;5;19;1;"Raíz > Inicio > ACCESORIOS DISFRACES > Cabeza, rostro y pelo > Gafas > Hippie y 70"
-465;-464;Marvel;marvel;1;5;12;1;"Raíz > Inicio > ACCESORIOS DISFRACES > Vestuario y cuerpo > Guantes > Marvel"
-461;-460;"Hadas y fantasía";hadas-y-fantasia-medias-y-calcetines;1;5;12;1;"Raíz > Inicio > ACCESORIOS DISFRACES > Vestuario y cuerpo > Medias y calcetines > Hadas y fantasía"
-454;-453;Animales;animales-diademas-tiaras-y-coronas;1;5;27;1;"Raíz > Inicio > ACCESORIOS DISFRACES > Cabeza, rostro y pelo > Diademas, tiaras y coronas > Animales"
-447;-446;Profesiones;profesiones-objetos-e-instrumentos;1;5;34;1;"Raíz > Inicio > ACCESORIOS DISFRACES > Armas, varitas y props > Objetos e instrumentos > Profesiones"
-441;-440;Profesiones;profesiones-vestuario-y-prendas;1;5;25;1;"Raíz > Inicio > ACCESORIOS DISFRACES > Vestuario y cuerpo > Vestuario y prendas > Profesiones"
-433;-432;Profesiones;profesiones-espadas-y-armas;1;5;38;1;"Raíz > Inicio > ACCESORIOS DISFRACES > Armas, varitas y props > Espadas y armas > Profesiones"
-424;-423;Animales;animales-mascaras-y-antifaces;1;5;68;1;"Raíz > Inicio > ACCESORIOS DISFRACES > Cabeza, rostro y pelo > Máscaras y antifaces > Animales"
-413;-412;Profesiones;profesiones-sombreros-gorros-y-tocados;1;5;121;1;"Raíz > Inicio > ACCESORIOS DISFRACES > Cabeza, rostro y pelo > Sombreros, gorros y tocados > Profesiones"
-397;-396;"Medieval y caballeros";medieval-y-caballeros-pelucas-y-postizos;1;5;29;1;"Raíz > Inicio > ACCESORIOS DISFRACES > Cabeza, rostro y pelo > Pelucas y postizos > Medieval y caballeros"
-179;-682;"Burbujas y humo";burbujas-y-humo;1;5;6;1;"Raíz > Inicio > CUMPLEAÑOS Y FIESTAS TEMATICAS > Material de fiesta > Juegos y efectos de fiesta > Burbujas y humo"
-163;-671;"Cumpleaños Naruto";cumpleanos-naruto;1;5;8;1;"Raíz > Inicio > CUMPLEAÑOS Y FIESTAS TEMATICAS > CUMPLEAÑOS INFANTIL LICENCIA > Cumpleaños Anime y Videojuegos > Cumpleaños Naruto"
-652;-37;"Letras y letreros Primera Comunión";letras-y-letreros-primera-comunion;2;5;57;1;"Raíz > Inicio > CUMPLEAÑOS Y FIESTAS TEMATICAS > Fiestas especiales > Primera Comunión > Letras y letreros Primera Comunión"
-629;-129;"Máscaras La Purga";mascaras-la-purga;2;5;32;1;"Raíz > Inicio > HALLOWEEN > Mascaras y Caretas Halloween > Mascaras completas > Máscaras La Purga"
-575;247;"Barras y sticks de maquillaje";barras-y-sticks-de-maquillaje;2;5;23;1;"Raíz > Inicio > ACCESORIOS DISFRACES > Cabeza, rostro y pelo > Maquillaje > Barras y sticks de maquillaje"
-573;-507;Cubrebotas;cubrebotas;2;5;12;1;"Raíz > Inicio > ACCESORIOS DISFRACES > Vestuario y cuerpo > Calzado > Cubrebotas"
-571;-488;Colgantes;colgantes;2;5;9;1;"Raíz > Inicio > ACCESORIOS DISFRACES > Vestuario y cuerpo > Collares y cadenas > Colgantes"
-569;-453;"Coronas y tiaras";coronas-y-tiaras;2;5;12;1;"Raíz > Inicio > ACCESORIOS DISFRACES > Cabeza, rostro y pelo > Diademas, tiaras y coronas > Coronas y tiaras"
-566;-496;Anillos;anillos;2;5;11;1;"Raíz > Inicio > ACCESORIOS DISFRACES > Adornos y complementos > Joyas, anillos y pulseras > Anillos"
-562;-477;"Barbas y perillas";barbas-y-perillas;2;5;15;1;"Raíz > Inicio > ACCESORIOS DISFRACES > Cabeza, rostro y pelo > Bigotes, barbas y cejas > Barbas y perillas"
-560;-473;Corbatas;corbatas;2;5;15;1;"Raíz > Inicio > ACCESORIOS DISFRACES > Vestuario y cuerpo > Pajaritas y corbatas > Corbatas"
-557;-464;"Guantes largos";guantes-largos;2;5;21;1;"Raíz > Inicio > ACCESORIOS DISFRACES > Vestuario y cuerpo > Guantes > Guantes largos"
-552;-432;"Rifles y metralletas";rifles-y-metralletas;2;5;20;1;"Raíz > Inicio > ACCESORIOS DISFRACES > Armas, varitas y props > Espadas y armas > Rifles y metralletas"
-546;-440;Tirantes;tirantes;2;5;23;1;"Raíz > Inicio > ACCESORIOS DISFRACES > Vestuario y cuerpo > Vestuario y prendas > Tirantes"
-544;-423;Antifaces;antifaces;2;5;42;1;"Raíz > Inicio > ACCESORIOS DISFRACES > Cabeza, rostro y pelo > Máscaras y antifaces > Antifaces"
-538;-412;Gorros;gorros;2;5;30;1;"Raíz > Inicio > ACCESORIOS DISFRACES > Cabeza, rostro y pelo > Sombreros, gorros y tocados > Gorros"
-531;-396;"Pelucas rizadas";pelucas-rizadas;2;5;44;1;"Raíz > Inicio > ACCESORIOS DISFRACES > Cabeza, rostro y pelo > Pelucas y postizos > Pelucas rizadas"
-525;-460;Calcetines;calcetines;2;5;7;1;"Raíz > Inicio > ACCESORIOS DISFRACES > Vestuario y cuerpo > Medias y calcetines > Calcetines"
-510;-508;"Medieval y caballeros";medieval-y-caballeros;2;5;7;1;"Raíz > Inicio > ACCESORIOS DISFRACES > Vestuario y cuerpo > Capas y mantos > Medieval y caballeros"
-503;-501;"Harry Potter";harry-potter;2;5;7;1;"Raíz > Inicio > ACCESORIOS DISFRACES > Armas, varitas y props > Varitas y cetros > Harry Potter"
-500;-498;"Cultura regional";cultura-regional-boas-y-plumas;2;5;7;1;"Raíz > Inicio > ACCESORIOS DISFRACES > Vestuario y cuerpo > Boas y plumas > Cultura regional"
-494;-492;"Medieval y caballeros";medieval-y-caballeros-cascos;2;5;16;1;"Raíz > Inicio > ACCESORIOS DISFRACES > Cabeza, rostro y pelo > Cascos > Medieval y caballeros"
-490;-488;"Años 80 y 90";anos-80-y-90;2;5;12;1;"Raíz > Inicio > ACCESORIOS DISFRACES > Vestuario y cuerpo > Collares y cadenas > Años 80 y 90"
-485;-483;"Hadas y fantasía";hadas-y-fantasia-dientes-colmillos-y-protesis-faciales;2;5;11;1;"Raíz > Inicio > ACCESORIOS DISFRACES > Cabeza, rostro y pelo > Dientes, colmillos y prótesis faciales > Hadas y fantasía"
-482;-480;"Cultura regional";cultura-regional-tutus-y-faldas;2;5;6;1;"Raíz > Inicio > ACCESORIOS DISFRACES > Vestuario y cuerpo > Tutús y faldas > Cultura regional"
-479;-477;"Cultura regional";cultura-regional-bigotes-barbas-y-cejas;2;5;12;1;"Raíz > Inicio > ACCESORIOS DISFRACES > Cabeza, rostro y pelo > Bigotes, barbas y cejas > Cultura regional"
-475;-473;"Harry Potter";harry-potter-pajaritas-y-corbatas;2;5;8;1;"Raíz > Inicio > ACCESORIOS DISFRACES > Vestuario y cuerpo > Pajaritas y corbatas > Harry Potter"
-470;-468;"Años 80 y 90";anos-80-y-90-gafas;2;5;14;1;"Raíz > Inicio > ACCESORIOS DISFRACES > Cabeza, rostro y pelo > Gafas > Años 80 y 90"
-466;-464;"Años 80 y 90";anos-80-y-90-guantes;2;5;11;1;"Raíz > Inicio > ACCESORIOS DISFRACES > Vestuario y cuerpo > Guantes > Años 80 y 90"
-455;-453;Princesas;princesas;2;5;21;1;"Raíz > Inicio > ACCESORIOS DISFRACES > Cabeza, rostro y pelo > Diademas, tiaras y coronas > Princesas"
-448;-446;"Música y pop";musica-y-pop;2;5;16;1;"Raíz > Inicio > ACCESORIOS DISFRACES > Armas, varitas y props > Objetos e instrumentos > Música y pop"
-442;-440;Animales;animales-vestuario-y-prendas;2;5;16;1;"Raíz > Inicio > ACCESORIOS DISFRACES > Vestuario y cuerpo > Vestuario y prendas > Animales"
-434;-432;"Medieval y caballeros";medieval-y-caballeros-espadas-y-armas;2;5;34;1;"Raíz > Inicio > ACCESORIOS DISFRACES > Armas, varitas y props > Espadas y armas > Medieval y caballeros"
-425;-423;Marvel;marvel-mascaras-y-antifaces;2;5;23;1;"Raíz > Inicio > ACCESORIOS DISFRACES > Cabeza, rostro y pelo > Máscaras y antifaces > Marvel"
-414;-412;"Cultura regional";cultura-regional-sombreros-gorros-y-tocados;2;5;36;1;"Raíz > Inicio > ACCESORIOS DISFRACES > Cabeza, rostro y pelo > Sombreros, gorros y tocados > Cultura regional"
-398;-396;"Años 80 y 90";anos-80-y-90-pelucas-y-postizos;2;5;27;1;"Raíz > Inicio > ACCESORIOS DISFRACES > Cabeza, rostro y pelo > Pelucas y postizos > Años 80 y 90"
-178;-682;"Glow y luz de fiesta";glow-y-luz-de-fiesta;2;5;18;1;"Raíz > Inicio > CUMPLEAÑOS Y FIESTAS TEMATICAS > Material de fiesta > Juegos y efectos de fiesta > Glow y luz de fiesta"
-162;-671;"Cumpleaños Hot Wheels";cumpleanos-hot-wheels;2;5;9;1;"Raíz > Inicio > CUMPLEAÑOS Y FIESTAS TEMATICAS > CUMPLEAÑOS INFANTIL LICENCIA > Cumpleaños Anime y Videojuegos > Cumpleaños Hot Wheels"
-653;-37;"Vajilla y mesa Primera Comunión";vajilla-y-mesa-primera-comunion;3;5;22;1;"Raíz > Inicio > CUMPLEAÑOS Y FIESTAS TEMATICAS > Fiestas especiales > Primera Comunión > Vajilla y mesa Primera Comunión"
-630;-129;"Máscaras Scream (Ghost Face)";mascaras-scream-ghost-face;3;5;25;1;"Raíz > Inicio > HALLOWEEN > Mascaras y Caretas Halloween > Mascaras completas > Máscaras Scream (Ghost Face)"
-576;247;"Maquillaje en crema, cake y mousse";maquillaje-en-crema-cake-y-mousse;3;5;21;1;"Raíz > Inicio > ACCESORIOS DISFRACES > Cabeza, rostro y pelo > Maquillaje > Maquillaje en crema, cake y mousse"
-567;-496;"Pulseras y brazaletes";pulseras-y-brazaletes;3;5;10;1;"Raíz > Inicio > ACCESORIOS DISFRACES > Adornos y complementos > Joyas, anillos y pulseras > Pulseras y brazaletes"
-558;-464;"Guantes de rejilla y malla";guantes-de-rejilla-y-malla;3;5;8;1;"Raíz > Inicio > ACCESORIOS DISFRACES > Vestuario y cuerpo > Guantes > Guantes de rejilla y malla"
-553;-432;"Lanzas y tridentes";lanzas-y-tridentes;3;5;8;1;"Raíz > Inicio > ACCESORIOS DISFRACES > Armas, varitas y props > Espadas y armas > Lanzas y tridentes"
-547;-440;"Fracs y americanas";fracs-y-americanas;3;5;14;1;"Raíz > Inicio > ACCESORIOS DISFRACES > Vestuario y cuerpo > Vestuario y prendas > Fracs y americanas"
-539;-412;Bombines;bombines;3;5;25;1;"Raíz > Inicio > ACCESORIOS DISFRACES > Cabeza, rostro y pelo > Sombreros, gorros y tocados > Bombines"
-532;-396;"Pelucas largas";pelucas-largas;3;5;34;1;"Raíz > Inicio > ACCESORIOS DISFRACES > Cabeza, rostro y pelo > Pelucas y postizos > Pelucas largas"
-526;-460;"Medias y pantys de rejilla y encaje";medias-y-pantys-de-rejilla-y-encaje;3;5;6;1;"Raíz > Inicio > ACCESORIOS DISFRACES > Vestuario y cuerpo > Medias y calcetines > Medias y pantys de rejilla y encaje"
-504;-501;"Disney y Pixar";disney-y-pixar;3;5;6;1;"Raíz > Inicio > ACCESORIOS DISFRACES > Armas, varitas y props > Varitas y cetros > Disney y Pixar"
-495;-492;"Star Wars";star-wars;3;5;7;1;"Raíz > Inicio > ACCESORIOS DISFRACES > Cabeza, rostro y pelo > Cascos > Star Wars"
-491;-488;"Hippie y 70";hippie-y-70;3;5;8;1;"Raíz > Inicio > ACCESORIOS DISFRACES > Vestuario y cuerpo > Collares y cadenas > Hippie y 70"
-486;-483;"Cultura regional";cultura-regional-dientes-colmillos-y-protesis-faciales;3;5;11;1;"Raíz > Inicio > ACCESORIOS DISFRACES > Cabeza, rostro y pelo > Dientes, colmillos y prótesis faciales > Cultura regional"
-476;-473;Payaso;payaso-pajaritas-y-corbatas;3;5;6;1;"Raíz > Inicio > ACCESORIOS DISFRACES > Vestuario y cuerpo > Pajaritas y corbatas > Payaso"
-471;-468;Navidad;navidad-gafas;3;5;7;1;"Raíz > Inicio > ACCESORIOS DISFRACES > Cabeza, rostro y pelo > Gafas > Navidad"
-467;-464;Payaso;payaso-guantes;3;5;7;1;"Raíz > Inicio > ACCESORIOS DISFRACES > Vestuario y cuerpo > Guantes > Payaso"
-463;-460;"Años 80 y 90";anos-80-y-90-medias-y-calcetines;3;5;6;1;"Raíz > Inicio > ACCESORIOS DISFRACES > Vestuario y cuerpo > Medias y calcetines > Años 80 y 90"
-456;-453;"Medieval y caballeros";medieval-y-caballeros-diademas-tiaras-y-coronas;3;5;20;1;"Raíz > Inicio > ACCESORIOS DISFRACES > Cabeza, rostro y pelo > Diademas, tiaras y coronas > Medieval y caballeros"
-449;-446;Celebraciones;celebraciones-objetos-e-instrumentos;3;5;14;1;"Raíz > Inicio > ACCESORIOS DISFRACES > Armas, varitas y props > Objetos e instrumentos > Celebraciones"
-443;-440;"Años 80 y 90";anos-80-y-90-vestuario-y-prendas;3;5;10;1;"Raíz > Inicio > ACCESORIOS DISFRACES > Vestuario y cuerpo > Vestuario y prendas > Años 80 y 90"
-435;-432;"Cultura regional";cultura-regional-espadas-y-armas;3;5;20;1;"Raíz > Inicio > ACCESORIOS DISFRACES > Armas, varitas y props > Espadas y armas > Cultura regional"
-426;-423;"Batman y DC";batman-y-dc;3;5;12;1;"Raíz > Inicio > ACCESORIOS DISFRACES > Cabeza, rostro y pelo > Máscaras y antifaces > Batman y DC"
-415;-412;Pirata;pirata-sombreros-gorros-y-tocados;3;5;19;1;"Raíz > Inicio > ACCESORIOS DISFRACES > Cabeza, rostro y pelo > Sombreros, gorros y tocados > Pirata"
-399;-396;"Música y pop";musica-y-pop-pelucas-y-postizos;3;5;23;1;"Raíz > Inicio > ACCESORIOS DISFRACES > Cabeza, rostro y pelo > Pelucas y postizos > Música y pop"
-177;-682;"Maquillaje y pinturas";maquillaje-y-pinturas;3;5;13;1;"Raíz > Inicio > CUMPLEAÑOS Y FIESTAS TEMATICAS > Material de fiesta > Juegos y efectos de fiesta > Maquillaje y pinturas"
-161;-670;"Cumpleaños La Granja de Zenón";cumpleanos-la-granja-de-zenon;3;5;13;1;"Raíz > Inicio > CUMPLEAÑOS Y FIESTAS TEMATICAS > CUMPLEAÑOS INFANTIL LICENCIA > Cumpleaños Dibujos y TV > Cumpleaños La Granja de Zenón"
-654;-37;"Piñatas y toppers Primera Comunión";pinatas-y-toppers-primera-comunion;4;5;18;1;"Raíz > Inicio > CUMPLEAÑOS Y FIESTAS TEMATICAS > Fiestas especiales > Primera Comunión > Piñatas y toppers Primera Comunión"
-631;-129;"Máscaras de calaveras y catrinas";mascaras-de-calaveras-y-catrinas;4;5;20;1;"Raíz > Inicio > HALLOWEEN > Mascaras y Caretas Halloween > Mascaras completas > Máscaras de calaveras y catrinas"
-577;247;"Polvos y fijadores";polvos-y-fijadores;4;5;10;1;"Raíz > Inicio > ACCESORIOS DISFRACES > Cabeza, rostro y pelo > Maquillaje > Polvos y fijadores"
-554;-432;"Espadas y sables";espadas-y-sables;4;5;10;1;"Raíz > Inicio > ACCESORIOS DISFRACES > Armas, varitas y props > Espadas y armas > Espadas y sables"
-548;-440;"Mallas y maillots";mallas-y-maillots;4;5;15;1;"Raíz > Inicio > ACCESORIOS DISFRACES > Vestuario y cuerpo > Vestuario y prendas > Mallas y maillots"
-540;-412;Gorras;gorras;4;5;19;1;"Raíz > Inicio > ACCESORIOS DISFRACES > Cabeza, rostro y pelo > Sombreros, gorros y tocados > Gorras"
-533;-396;"Pelucas rubias";pelucas-rubias;4;5;31;1;"Raíz > Inicio > ACCESORIOS DISFRACES > Cabeza, rostro y pelo > Pelucas y postizos > Pelucas rubias"
-527;-460;"Medias y pantys de rayas";medias-y-pantys-de-rayas;4;5;27;1;"Raíz > Inicio > ACCESORIOS DISFRACES > Vestuario y cuerpo > Medias y calcetines > Medias y pantys de rayas"
-487;-483;Payaso;payaso;4;5;7;1;"Raíz > Inicio > ACCESORIOS DISFRACES > Cabeza, rostro y pelo > Dientes, colmillos y prótesis faciales > Payaso"
-472;-468;Celebraciones;celebraciones-gafas;4;5;7;1;"Raíz > Inicio > ACCESORIOS DISFRACES > Cabeza, rostro y pelo > Gafas > Celebraciones"
-457;-453;"Hadas y fantasía";hadas-y-fantasia-diademas-tiaras-y-coronas;4;5;17;1;"Raíz > Inicio > ACCESORIOS DISFRACES > Cabeza, rostro y pelo > Diademas, tiaras y coronas > Hadas y fantasía"
-450;-446;Animales;animales-objetos-e-instrumentos;4;5;14;1;"Raíz > Inicio > ACCESORIOS DISFRACES > Armas, varitas y props > Objetos e instrumentos > Animales"
-444;-440;"Hippie y 70";hippie-y-70-vestuario-y-prendas;4;5;10;1;"Raíz > Inicio > ACCESORIOS DISFRACES > Vestuario y cuerpo > Vestuario y prendas > Hippie y 70"
-436;-432;Pirata;pirata-espadas-y-armas;4;5;15;1;"Raíz > Inicio > ACCESORIOS DISFRACES > Armas, varitas y props > Espadas y armas > Pirata"
-427;-423;"Disney y Pixar";disney-y-pixar-mascaras-y-antifaces;4;5;10;1;"Raíz > Inicio > ACCESORIOS DISFRACES > Cabeza, rostro y pelo > Máscaras y antifaces > Disney y Pixar"
-416;-412;Animales;animales-sombreros-gorros-y-tocados;4;5;15;1;"Raíz > Inicio > ACCESORIOS DISFRACES > Cabeza, rostro y pelo > Sombreros, gorros y tocados > Animales"
-400;-396;"Disney y Pixar";disney-y-pixar-pelucas-y-postizos;4;5;19;1;"Raíz > Inicio > ACCESORIOS DISFRACES > Cabeza, rostro y pelo > Pelucas y postizos > Disney y Pixar"
-175;-679;"Faldón de mesa";faldon-de-mesa;4;5;1;1;"Raíz > Inicio > CUMPLEAÑOS Y FIESTAS TEMATICAS > Material de fiesta > Mesa y vajilla de cumpleaños > Faldón de mesa"
-160;-670;"Cumpleaños Power Rangers";cumpleanos-power-rangers;4;5;8;1;"Raíz > Inicio > CUMPLEAÑOS Y FIESTAS TEMATICAS > CUMPLEAÑOS INFANTIL LICENCIA > Cumpleaños Dibujos y TV > Cumpleaños Power Rangers"
-655;-37;"Figuras Primera Comunión";figuras-primera-comunion;5;5;30;1;"Raíz > Inicio > CUMPLEAÑOS Y FIESTAS TEMATICAS > Fiestas especiales > Primera Comunión > Figuras Primera Comunión"
-632;-129;"Máscaras de brujas y demonios";mascaras-de-brujas-y-demonios;5;5;20;1;"Raíz > Inicio > HALLOWEEN > Mascaras y Caretas Halloween > Mascaras completas > Máscaras de brujas y demonios"
-578;247;"Pinceles, esponjas y aplicadores";pinceles-esponjas-y-aplicadores;5;5;25;1;"Raíz > Inicio > ACCESORIOS DISFRACES > Cabeza, rostro y pelo > Maquillaje > Pinceles, esponjas y aplicadores"
-555;-432;"Hachas y mazas";hachas-y-mazas;5;5;8;1;"Raíz > Inicio > ACCESORIOS DISFRACES > Armas, varitas y props > Espadas y armas > Hachas y mazas"
-549;-440;Camisetas;camisetas;5;5;9;1;"Raíz > Inicio > ACCESORIOS DISFRACES > Vestuario y cuerpo > Vestuario y prendas > Camisetas"
-541;-412;"Birretes y morteros";birretes-y-morteros;5;5;7;1;"Raíz > Inicio > ACCESORIOS DISFRACES > Cabeza, rostro y pelo > Sombreros, gorros y tocados > Birretes y morteros"
-534;-396;"Colas, trenzas y moños";colas-trenzas-y-monos;5;5;17;1;"Raíz > Inicio > ACCESORIOS DISFRACES > Cabeza, rostro y pelo > Pelucas y postizos > Colas, trenzas y moños"
-528;-460;"Pantys lisos de color";pantys-lisos-de-color;5;5;32;1;"Raíz > Inicio > ACCESORIOS DISFRACES > Vestuario y cuerpo > Medias y calcetines > Pantys lisos de color"
-458;-453;"Disney y Pixar";disney-y-pixar-diademas-tiaras-y-coronas;5;5;7;1;"Raíz > Inicio > ACCESORIOS DISFRACES > Cabeza, rostro y pelo > Diademas, tiaras y coronas > Disney y Pixar"
-451;-446;"Cultura regional";cultura-regional-objetos-e-instrumentos;5;5;12;1;"Raíz > Inicio > ACCESORIOS DISFRACES > Armas, varitas y props > Objetos e instrumentos > Cultura regional"
-445;-440;"Harry Potter";harry-potter-vestuario-y-prendas;5;5;9;1;"Raíz > Inicio > ACCESORIOS DISFRACES > Vestuario y cuerpo > Vestuario y prendas > Harry Potter"
-437;-432;Marvel;marvel-espadas-y-armas;5;5;12;1;"Raíz > Inicio > ACCESORIOS DISFRACES > Armas, varitas y props > Espadas y armas > Marvel"
-417;-412;"Medieval y caballeros";medieval-y-caballeros-sombreros-gorros-y-tocados;5;5;12;1;"Raíz > Inicio > ACCESORIOS DISFRACES > Cabeza, rostro y pelo > Sombreros, gorros y tocados > Medieval y caballeros"
-401;-396;"Hippie y 70";hippie-y-70-pelucas-y-postizos;5;5;19;1;"Raíz > Inicio > ACCESORIOS DISFRACES > Cabeza, rostro y pelo > Pelucas y postizos > Hippie y 70"
-174;-683;"Invitaciones cumpleaños";invitaciones-cumpleanos;5;5;6;1;"Raíz > Inicio > CUMPLEAÑOS Y FIESTAS TEMATICAS > Material de fiesta > Papelería e invitaciones de cumpleaños > Invitaciones cumpleaños"
-159;-670;"Cumpleaños Bluey";cumpleanos-bluey;5;5;12;1;"Raíz > Inicio > CUMPLEAÑOS Y FIESTAS TEMATICAS > CUMPLEAÑOS INFANTIL LICENCIA > Cumpleaños Dibujos y TV > Cumpleaños Bluey"
-656;-37;"Fotos y papelería Primera Comunión";fotos-y-papeleria-primera-comunion;6;5;61;1;"Raíz > Inicio > CUMPLEAÑOS Y FIESTAS TEMATICAS > Fiestas especiales > Primera Comunión > Fotos y papelería Primera Comunión"
-633;-129;"Máscaras de zombis";mascaras-de-zombis;6;5;15;1;"Raíz > Inicio > HALLOWEEN > Mascaras y Caretas Halloween > Mascaras completas > Máscaras de zombis"
-622;-440;"Corsés y lencería";corses-y-lenceria;6;5;0;1;"Raíz > Inicio > ACCESORIOS DISFRACES > Vestuario y cuerpo > Vestuario y prendas > Corsés y lencería"
-579;247;"Purpurina, glitter y brillos";purpurina-glitter-y-brillos;6;5;58;1;"Raíz > Inicio > ACCESORIOS DISFRACES > Cabeza, rostro y pelo > Maquillaje > Purpurina, glitter y brillos"
-542;-412;"Sombreros cordobeses";sombreros-cordobeses;6;5;11;1;"Raíz > Inicio > ACCESORIOS DISFRACES > Cabeza, rostro y pelo > Sombreros, gorros y tocados > Sombreros cordobeses"
-535;-396;"Pelucas castañas y morenas";pelucas-castanas-y-morenas;6;5;19;1;"Raíz > Inicio > ACCESORIOS DISFRACES > Cabeza, rostro y pelo > Pelucas y postizos > Pelucas castañas y morenas"
-529;-460;"Medias lisas";medias-lisas;6;5;20;1;"Raíz > Inicio > ACCESORIOS DISFRACES > Vestuario y cuerpo > Medias y calcetines > Medias lisas"
-459;-453;Celebraciones;celebraciones-diademas-tiaras-y-coronas;6;5;6;1;"Raíz > Inicio > ACCESORIOS DISFRACES > Cabeza, rostro y pelo > Diademas, tiaras y coronas > Celebraciones"
-452;-446;Pirata;pirata;6;5;10;1;"Raíz > Inicio > ACCESORIOS DISFRACES > Armas, varitas y props > Objetos e instrumentos > Pirata"
-438;-432;"Star Wars";star-wars-espadas-y-armas;6;5;9;1;"Raíz > Inicio > ACCESORIOS DISFRACES > Armas, varitas y props > Espadas y armas > Star Wars"
-429;-423;"Star Wars";star-wars-mascaras-y-antifaces;6;5;9;1;"Raíz > Inicio > ACCESORIOS DISFRACES > Cabeza, rostro y pelo > Máscaras y antifaces > Star Wars"
-418;-412;"Anime y videojuegos";anime-y-videojuegos;6;5;10;1;"Raíz > Inicio > ACCESORIOS DISFRACES > Cabeza, rostro y pelo > Sombreros, gorros y tocados > Anime y videojuegos"
-402;-396;"Cultura regional";cultura-regional-pelucas-y-postizos;6;5;17;1;"Raíz > Inicio > ACCESORIOS DISFRACES > Cabeza, rostro y pelo > Pelucas y postizos > Cultura regional"
-173;-681;"Escarapelas y medallas";escarapelas-y-medallas;6;5;1;1;"Raíz > Inicio > CUMPLEAÑOS Y FIESTAS TEMATICAS > Material de fiesta > Accesorios y adornos de cumpleaños > Escarapelas y medallas"
-158;-672;"Cumpleaños Barbie";cumpleanos-barbie;6;5;19;1;"Raíz > Inicio > CUMPLEAÑOS Y FIESTAS TEMATICAS > CUMPLEAÑOS INFANTIL LICENCIA > Cumpleaños Cine y Música > Cumpleaños Barbie"
-657;-37;"Bolsas y cajas Primera Comunión";bolsas-y-cajas-primera-comunion;7;5;65;1;"Raíz > Inicio > CUMPLEAÑOS Y FIESTAS TEMATICAS > Fiestas especiales > Primera Comunión > Bolsas y cajas Primera Comunión"
-634;-129;"Máscaras de animales";mascaras-de-animales;7;5;13;1;"Raíz > Inicio > HALLOWEEN > Mascaras y Caretas Halloween > Mascaras completas > Máscaras de animales"
-580;247;"Efectos especiales y sangre";efectos-especiales-y-sangre;7;5;39;1;"Raíz > Inicio > ACCESORIOS DISFRACES > Cabeza, rostro y pelo > Maquillaje > Efectos especiales y sangre"
-536;-396;"Pelucas de fantasía y color";pelucas-de-fantasia-y-color;7;5;14;1;"Raíz > Inicio > ACCESORIOS DISFRACES > Cabeza, rostro y pelo > Pelucas y postizos > Pelucas de fantasía y color"
-439;-432;Animales;animales-espadas-y-armas;7;5;8;1;"Raíz > Inicio > ACCESORIOS DISFRACES > Armas, varitas y props > Espadas y armas > Animales"
-430;-423;"Medieval y caballeros";medieval-y-caballeros-mascaras-y-antifaces;7;5;7;1;"Raíz > Inicio > ACCESORIOS DISFRACES > Cabeza, rostro y pelo > Máscaras y antifaces > Medieval y caballeros"
-419;-412;Payaso;payaso-sombreros-gorros-y-tocados;7;5;7;1;"Raíz > Inicio > ACCESORIOS DISFRACES > Cabeza, rostro y pelo > Sombreros, gorros y tocados > Payaso"
-403;-396;Payaso;payaso-pelucas-y-postizos;7;5;17;1;"Raíz > Inicio > ACCESORIOS DISFRACES > Cabeza, rostro y pelo > Pelucas y postizos > Payaso"
-172;-680;"Figuras decorativas";figuras-decorativas;7;5;13;1;"Raíz > Inicio > CUMPLEAÑOS Y FIESTAS TEMATICAS > Material de fiesta > Decoración y ambiente > Figuras decorativas"
-157;-671;"Cumpleaños Sonic";cumpleanos-sonic;7;5;21;1;"Raíz > Inicio > CUMPLEAÑOS Y FIESTAS TEMATICAS > CUMPLEAÑOS INFANTIL LICENCIA > Cumpleaños Anime y Videojuegos > Cumpleaños Sonic"
234;-5;"Globos foil impresos";globos-foil-impresos;7;5;84;0;"Raíz > Inicio > DECORACION Y ARTICULOS DE FIESTA > Decoración colgante > Globos > Globos foil impresos"
-658;-37;"Detalles y regalos Primera Comunión";detalles-y-regalos-primera-comunion;8;5;20;1;"Raíz > Inicio > CUMPLEAÑOS Y FIESTAS TEMATICAS > Fiestas especiales > Primera Comunión > Detalles y regalos Primera Comunión"
-635;-129;"Máscaras de superhéroes y cómic";mascaras-de-superheroes-y-comic;8;5;20;1;"Raíz > Inicio > HALLOWEEN > Mascaras y Caretas Halloween > Mascaras completas > Máscaras de superhéroes y cómic"
-581;247;"Neon, luz negra y glow";neon-luz-negra-y-glow;8;5;49;1;"Raíz > Inicio > ACCESORIOS DISFRACES > Cabeza, rostro y pelo > Maquillaje > Neon, luz negra y glow"
-431;-423;"Hadas y fantasía";hadas-y-fantasia-mascaras-y-antifaces;8;5;7;1;"Raíz > Inicio > ACCESORIOS DISFRACES > Cabeza, rostro y pelo > Máscaras y antifaces > Hadas y fantasía"
-420;-412;Celebraciones;celebraciones-sombreros-gorros-y-tocados;8;5;6;1;"Raíz > Inicio > ACCESORIOS DISFRACES > Cabeza, rostro y pelo > Sombreros, gorros y tocados > Celebraciones"
-404;-396;"Anime y videojuegos";anime-y-videojuegos-pelucas-y-postizos;8;5;15;1;"Raíz > Inicio > ACCESORIOS DISFRACES > Cabeza, rostro y pelo > Pelucas y postizos > Anime y videojuegos"
-170;-679;"Copas cumpleaños";copas-cumpleanos;8;5;5;1;"Raíz > Inicio > CUMPLEAÑOS Y FIESTAS TEMATICAS > Material de fiesta > Mesa y vajilla de cumpleaños > Copas cumpleaños"
-156;-671;"Cumpleaños Minecraft";cumpleanos-minecraft;8;5;16;1;"Raíz > Inicio > CUMPLEAÑOS Y FIESTAS TEMATICAS > CUMPLEAÑOS INFANTIL LICENCIA > Cumpleaños Anime y Videojuegos > Cumpleaños Minecraft"
-636;-129;"Máscaras de monstruos clásicos";mascaras-de-monstruos-clasicos;9;5;9;1;"Raíz > Inicio > HALLOWEEN > Mascaras y Caretas Halloween > Mascaras completas > Máscaras de monstruos clásicos"
-582;247;"Ojos, labios y perfiladores";ojos-labios-y-perfiladores;9;5;15;1;"Raíz > Inicio > ACCESORIOS DISFRACES > Cabeza, rostro y pelo > Maquillaje > Ojos, labios y perfiladores"
-421;-412;Religioso;religioso;9;5;6;1;"Raíz > Inicio > ACCESORIOS DISFRACES > Cabeza, rostro y pelo > Sombreros, gorros y tocados > Religioso"
-405;-396;"Hadas y fantasía";hadas-y-fantasia-pelucas-y-postizos;9;5;14;1;"Raíz > Inicio > ACCESORIOS DISFRACES > Cabeza, rostro y pelo > Pelucas y postizos > Hadas y fantasía"
-169;-680;"Soportes y expositores";soportes-y-expositores;9;5;11;1;"Raíz > Inicio > CUMPLEAÑOS Y FIESTAS TEMATICAS > Material de fiesta > Decoración y ambiente > Soportes y expositores"
-155;-671;"Cumpleaños Pokémon";cumpleanos-pokemon;9;5;35;1;"Raíz > Inicio > CUMPLEAÑOS Y FIESTAS TEMATICAS > CUMPLEAÑOS INFANTIL LICENCIA > Cumpleaños Anime y Videojuegos > Cumpleaños Pokémon"
-637;-129;"Máscaras de fantasmas";mascaras-de-fantasmas;10;5;5;1;"Raíz > Inicio > HALLOWEEN > Mascaras y Caretas Halloween > Mascaras completas > Máscaras de fantasmas"
-583;247;"Pestañas postizas";pestanas-postizas;10;5;7;1;"Raíz > Inicio > ACCESORIOS DISFRACES > Cabeza, rostro y pelo > Maquillaje > Pestañas postizas"
-422;-412;"Hadas y fantasía";hadas-y-fantasia-sombreros-gorros-y-tocados;10;5;6;1;"Raíz > Inicio > ACCESORIOS DISFRACES > Cabeza, rostro y pelo > Sombreros, gorros y tocados > Hadas y fantasía"
-406;-396;Animales;animales-pelucas-y-postizos;10;5;11;1;"Raíz > Inicio > ACCESORIOS DISFRACES > Cabeza, rostro y pelo > Pelucas y postizos > Animales"
-168;-681;"Lazos y cintas";lazos-y-cintas;10;5;7;1;"Raíz > Inicio > CUMPLEAÑOS Y FIESTAS TEMATICAS > Material de fiesta > Accesorios y adornos de cumpleaños > Lazos y cintas"
-154;-670;"Cumpleaños Baby Shark";cumpleanos-baby-shark;10;5;17;1;"Raíz > Inicio > CUMPLEAÑOS Y FIESTAS TEMATICAS > CUMPLEAÑOS INFANTIL LICENCIA > Cumpleaños Dibujos y TV > Cumpleaños Baby Shark"
245;-5;"Globos impresos latex";globos-impresos-latex;10;5;75;0;"Raíz > Inicio > DECORACION Y ARTICULOS DE FIESTA > Decoración colgante > Globos > Globos impresos latex"
-584;247;"Sprays y tintes de pelo";sprays-y-tintes-de-pelo;11;5;32;1;"Raíz > Inicio > ACCESORIOS DISFRACES > Cabeza, rostro y pelo > Maquillaje > Sprays y tintes de pelo"
-407;-396;Princesas;princesas-pelucas-y-postizos;11;5;11;1;"Raíz > Inicio > ACCESORIOS DISFRACES > Cabeza, rostro y pelo > Pelucas y postizos > Princesas"
-167;-680;"Cortinas cumpleaños";cortinas-cumpleanos;11;5;4;1;"Raíz > Inicio > CUMPLEAÑOS Y FIESTAS TEMATICAS > Material de fiesta > Decoración y ambiente > Cortinas cumpleaños"
-153;-671;"Cumpleaños Fortnite";cumpleanos-fortnite;11;5;14;1;"Raíz > Inicio > CUMPLEAÑOS Y FIESTAS TEMATICAS > CUMPLEAÑOS INFANTIL LICENCIA > Cumpleaños Anime y Videojuegos > Cumpleaños Fortnite"
-408;-396;Navidad;navidad-pelucas-y-postizos;12;5;11;1;"Raíz > Inicio > ACCESORIOS DISFRACES > Cabeza, rostro y pelo > Pelucas y postizos > Navidad"
-166;-679;"Centro de mesa cumpleaños";centro-de-mesa-cumpleanos;12;5;3;1;"Raíz > Inicio > CUMPLEAÑOS Y FIESTAS TEMATICAS > Material de fiesta > Mesa y vajilla de cumpleaños > Centro de mesa cumpleaños"
-152;-668;"Cumpleaños Campanilla";cumpleanos-campanilla;12;5;11;1;"Raíz > Inicio > CUMPLEAÑOS Y FIESTAS TEMATICAS > CUMPLEAÑOS INFANTIL LICENCIA > Cumpleaños Disney y Pixar > Cumpleaños Campanilla"
327;247;"Paletas y sets de maquillaje";paletas-y-sets-de-maquillaje;12;5;46;0;"Raíz > Inicio > ACCESORIOS DISFRACES > Cabeza, rostro y pelo > Maquillaje > Paletas y sets de maquillaje"
-409;-396;Profesiones;profesiones-pelucas-y-postizos;13;5;8;1;"Raíz > Inicio > ACCESORIOS DISFRACES > Cabeza, rostro y pelo > Pelucas y postizos > Profesiones"
-165;-681;"Bombín y chistera";bombin-y-chistera;13;5;1;1;"Raíz > Inicio > CUMPLEAÑOS Y FIESTAS TEMATICAS > Material de fiesta > Accesorios y adornos de cumpleaños > Bombín y chistera"
-151;-672;"Cumpleaños LOL Surprise";cumpleanos-lol-surprise;13;5;13;1;"Raíz > Inicio > CUMPLEAÑOS Y FIESTAS TEMATICAS > CUMPLEAÑOS INFANTIL LICENCIA > Cumpleaños Cine y Música > Cumpleaños LOL Surprise"
-410;-396;Pirata;pirata-pelucas-y-postizos;14;5;8;1;"Raíz > Inicio > ACCESORIOS DISFRACES > Cabeza, rostro y pelo > Pelucas y postizos > Pirata"
-150;-669;"Cumpleaños Liga de la Justicia";cumpleanos-liga-de-la-justicia;14;5;8;1;"Raíz > Inicio > CUMPLEAÑOS Y FIESTAS TEMATICAS > CUMPLEAÑOS INFANTIL LICENCIA > Cumpleaños Superhéroes > Cumpleaños Liga de la Justicia"
-126;-681;Pijama;pijama;14;5;1;1;"Raíz > Inicio > CUMPLEAÑOS Y FIESTAS TEMATICAS > Material de fiesta > Accesorios y adornos de cumpleaños > Pijama"
261;-5;"Globos R5 12 cm";globos-r5-12-cm;14;5;38;0;"Raíz > Inicio > DECORACION Y ARTICULOS DE FIESTA > Decoración colgante > Globos > Globos R5 12 cm"
-149;-670;"Cumpleaños Super Wings";cumpleanos-super-wings;15;5;9;1;"Raíz > Inicio > CUMPLEAÑOS Y FIESTAS TEMATICAS > CUMPLEAÑOS INFANTIL LICENCIA > Cumpleaños Dibujos y TV > Cumpleaños Super Wings"
-125;-683;"Bolsa cumpleaños";bolsa-cumpleanos;15;5;25;1;"Raíz > Inicio > CUMPLEAÑOS Y FIESTAS TEMATICAS > Material de fiesta > Papelería e invitaciones de cumpleaños > Bolsa cumpleaños"
254;-5;"Globos burbujas y esfericos";globos-burbujas-y-esfericos;15;5;7;0;"Raíz > Inicio > DECORACION Y ARTICULOS DE FIESTA > Decoración colgante > Globos > Globos burbujas y esfericos"
-148;-670;"Cumpleaños Bob Esponja";cumpleanos-bob-esponja;16;5;41;1;"Raíz > Inicio > CUMPLEAÑOS Y FIESTAS TEMATICAS > CUMPLEAÑOS INFANTIL LICENCIA > Cumpleaños Dibujos y TV > Cumpleaños Bob Esponja"
-124;-680;Banderin;banderin;16;5;8;1;"Raíz > Inicio > CUMPLEAÑOS Y FIESTAS TEMATICAS > Material de fiesta > Decoración y ambiente > Banderin"
-147;-670;"Cumpleaños Shimmer and Shine";cumpleanos-shimmer-and-shine;17;5;13;1;"Raíz > Inicio > CUMPLEAÑOS Y FIESTAS TEMATICAS > CUMPLEAÑOS INFANTIL LICENCIA > Cumpleaños Dibujos y TV > Cumpleaños Shimmer and Shine"
-123;-681;"Banda cumpleaños";banda-cumpleanos;17;5;20;1;"Raíz > Inicio > CUMPLEAÑOS Y FIESTAS TEMATICAS > Material de fiesta > Accesorios y adornos de cumpleaños > Banda cumpleaños"
-146;-669;"Cumpleaños Batman";cumpleanos-batman;18;5;17;1;"Raíz > Inicio > CUMPLEAÑOS Y FIESTAS TEMATICAS > CUMPLEAÑOS INFANTIL LICENCIA > Cumpleaños Superhéroes > Cumpleaños Batman"
-122;-682;Confeti;confeti-material-de-fiesta;18;5;7;1;"Raíz > Inicio > CUMPLEAÑOS Y FIESTAS TEMATICAS > Material de fiesta > Juegos y efectos de fiesta > Confeti"
-145;-670;"Cumpleaños Blaze";cumpleanos-blaze;19;5;6;1;"Raíz > Inicio > CUMPLEAÑOS Y FIESTAS TEMATICAS > CUMPLEAÑOS INFANTIL LICENCIA > Cumpleaños Dibujos y TV > Cumpleaños Blaze"
-121;-681;"Diadema y coronas";diadema-y-coronas;19;5;10;1;"Raíz > Inicio > CUMPLEAÑOS Y FIESTAS TEMATICAS > Material de fiesta > Accesorios y adornos de cumpleaños > Diadema y coronas"
-144;-672;"Cumpleaños Monster High";cumpleanos-monster-high;20;5;22;1;"Raíz > Inicio > CUMPLEAÑOS Y FIESTAS TEMATICAS > CUMPLEAÑOS INFANTIL LICENCIA > Cumpleaños Cine y Música > Cumpleaños Monster High"
-120;-683;"Papel y viruta cumpleaños";papel-y-viruta-cumpleanos;20;5;14;1;"Raíz > Inicio > CUMPLEAÑOS Y FIESTAS TEMATICAS > Material de fiesta > Papelería e invitaciones de cumpleaños > Papel y viruta cumpleaños"
-143;-671;"Cumpleaños Angry Birds";cumpleanos-angry-birds;21;5;5;1;"Raíz > Inicio > CUMPLEAÑOS Y FIESTAS TEMATICAS > CUMPLEAÑOS INFANTIL LICENCIA > Cumpleaños Anime y Videojuegos > Cumpleaños Angry Birds"
-118;-681;"Gafas cumpleaños";gafas-cumpleanos;21;5;11;1;"Raíz > Inicio > CUMPLEAÑOS Y FIESTAS TEMATICAS > Material de fiesta > Accesorios y adornos de cumpleaños > Gafas cumpleaños"
-127;-668;"Cumpleaños Vaiana Moana";cumpleanos-vaiana-moana;22;5;13;1;"Raíz > Inicio > CUMPLEAÑOS Y FIESTAS TEMATICAS > CUMPLEAÑOS INFANTIL LICENCIA > Cumpleaños Disney y Pixar > Cumpleaños Vaiana Moana"
-117;-681;"Gorro cumpleaños";gorro-cumpleanos;22;5;14;1;"Raíz > Inicio > CUMPLEAÑOS Y FIESTAS TEMATICAS > Material de fiesta > Accesorios y adornos de cumpleaños > Gorro cumpleaños"
-116;-680;"Guirnalda cumpleaños";guirnalda-cumpleanos;23;5;78;1;"Raíz > Inicio > CUMPLEAÑOS Y FIESTAS TEMATICAS > Material de fiesta > Decoración y ambiente > Guirnalda cumpleaños"
-62;-672;"Cumpleaños k-pop";cumpleanos-k-pop;23;5;18;1;"Raíz > Inicio > CUMPLEAÑOS Y FIESTAS TEMATICAS > CUMPLEAÑOS INFANTIL LICENCIA > Cumpleaños Cine y Música > Cumpleaños k-pop"
-115;-679;"Mantel cumpleaños";mantel-cumpleanos;24;5;29;1;"Raíz > Inicio > CUMPLEAÑOS Y FIESTAS TEMATICAS > Material de fiesta > Mesa y vajilla de cumpleaños > Mantel cumpleaños"
-60;-668;"Cumpleaños Stich";cumpleanos-stich;24;5;29;1;"Raíz > Inicio > CUMPLEAÑOS Y FIESTAS TEMATICAS > CUMPLEAÑOS INFANTIL LICENCIA > Cumpleaños Disney y Pixar > Cumpleaños Stich"
-114;-682;"Piñatas cumpleaños";pinatas-cumpleanos;25;5;108;1;"Raíz > Inicio > CUMPLEAÑOS Y FIESTAS TEMATICAS > Material de fiesta > Juegos y efectos de fiesta > Piñatas cumpleaños"
-54;-672;"Cumpleaños Harry Potter";cumpleanos-harry-potter;25;5;39;1;"Raíz > Inicio > CUMPLEAÑOS Y FIESTAS TEMATICAS > CUMPLEAÑOS INFANTIL LICENCIA > Cumpleaños Cine y Música > Cumpleaños Harry Potter"
-113;-683;Targetas;targetas;26;5;8;1;"Raíz > Inicio > CUMPLEAÑOS Y FIESTAS TEMATICAS > Material de fiesta > Papelería e invitaciones de cumpleaños > Targetas"
-49;-670;"Cumpleaños pj Mask";cumpleanos-pj-mask;26;5;24;1;"Raíz > Inicio > CUMPLEAÑOS Y FIESTAS TEMATICAS > CUMPLEAÑOS INFANTIL LICENCIA > Cumpleaños Dibujos y TV > Cumpleaños pj Mask"
-112;-680;"Globos cumpleaños";globos-cumpleanos;27;5;484;1;"Raíz > Inicio > CUMPLEAÑOS Y FIESTAS TEMATICAS > Material de fiesta > Decoración y ambiente > Globos cumpleaños"
-48;-670;"Cumpleaños LadyBug";cumpleanos-ladybug;27;5;37;1;"Raíz > Inicio > CUMPLEAÑOS Y FIESTAS TEMATICAS > CUMPLEAÑOS INFANTIL LICENCIA > Cumpleaños Dibujos y TV > Cumpleaños LadyBug"
-111;-680;Topper;topper;28;5;14;1;"Raíz > Inicio > CUMPLEAÑOS Y FIESTAS TEMATICAS > Material de fiesta > Decoración y ambiente > Topper"
-47;-670;"Cumpleaños Peppa pig";cumpleanos-peppa-pig;28;5;59;1;"Raíz > Inicio > CUMPLEAÑOS Y FIESTAS TEMATICAS > CUMPLEAÑOS INFANTIL LICENCIA > Cumpleaños Dibujos y TV > Cumpleaños Peppa pig"
-110;-679;"Servilletas de cumpleaños";servilletas-de-cumpleanos;29;5;48;1;"Raíz > Inicio > CUMPLEAÑOS Y FIESTAS TEMATICAS > Material de fiesta > Mesa y vajilla de cumpleaños > Servilletas de cumpleaños"
-45;-670;"Cumpleaños Trolls";cumpleanos-trolls;29;5;18;1;"Raíz > Inicio > CUMPLEAÑOS Y FIESTAS TEMATICAS > CUMPLEAÑOS INFANTIL LICENCIA > Cumpleaños Dibujos y TV > Cumpleaños Trolls"
-109;-679;"Vaso cumpleaños";vaso-cumpleanos;30;5;61;1;"Raíz > Inicio > CUMPLEAÑOS Y FIESTAS TEMATICAS > Material de fiesta > Mesa y vajilla de cumpleaños > Vaso cumpleaños"
-43;-669;"Cumpleaños Spiderman";cumpleanos-spiderman;30;5;73;1;"Raíz > Inicio > CUMPLEAÑOS Y FIESTAS TEMATICAS > CUMPLEAÑOS INFANTIL LICENCIA > Cumpleaños Superhéroes > Cumpleaños Spiderman"
-108;-679;"Plato cumpleaños";plato-cumpleanos;31;5;45;1;"Raíz > Inicio > CUMPLEAÑOS Y FIESTAS TEMATICAS > Material de fiesta > Mesa y vajilla de cumpleaños > Plato cumpleaños"
-40;-672;"Cumpleaños Star Wars";cumpleanos-star-wars;31;5;57;1;"Raíz > Inicio > CUMPLEAÑOS Y FIESTAS TEMATICAS > CUMPLEAÑOS INFANTIL LICENCIA > Cumpleaños Cine y Música > Cumpleaños Star Wars"
-107;-679;"Vela Cumpleaños";vela-cumpleanos;32;5;32;1;"Raíz > Inicio > CUMPLEAÑOS Y FIESTAS TEMATICAS > Material de fiesta > Mesa y vajilla de cumpleaños > Vela Cumpleaños"
-39;-669;"Cumpleaños Vengadores";cumpleanos-vengadores;32;5;72;1;"Raíz > Inicio > CUMPLEAÑOS Y FIESTAS TEMATICAS > CUMPLEAÑOS INFANTIL LICENCIA > Cumpleaños Superhéroes > Cumpleaños Vengadores"
-38;-681;Caretas;caretas;33;5;5;1;"Raíz > Inicio > CUMPLEAÑOS Y FIESTAS TEMATICAS > Material de fiesta > Accesorios y adornos de cumpleaños > Caretas"
-36;-668;"Cumpleaños Princesas Disney";cumpleanos-princesas-disney;33;5;120;1;"Raíz > Inicio > CUMPLEAÑOS Y FIESTAS TEMATICAS > CUMPLEAÑOS INFANTIL LICENCIA > Cumpleaños Disney y Pixar > Cumpleaños Princesas Disney"
-33;-683;Cajas;cajas;34;5;31;1;"Raíz > Inicio > CUMPLEAÑOS Y FIESTAS TEMATICAS > Material de fiesta > Papelería e invitaciones de cumpleaños > Cajas"
-32;-670;"Cumpleaños Patrulla canina";cumpleanos-patrulla-canina;34;5;0;1;"Raíz > Inicio > CUMPLEAÑOS Y FIESTAS TEMATICAS > CUMPLEAÑOS INFANTIL LICENCIA > Cumpleaños Dibujos y TV > Cumpleaños Patrulla canina"
-29;-671;"Cumpleaños Mario";cumpleanos-mario;35;5;20;1;"Raíz > Inicio > CUMPLEAÑOS Y FIESTAS TEMATICAS > CUMPLEAÑOS INFANTIL LICENCIA > Cumpleaños Anime y Videojuegos > Cumpleaños Mario"
-22;-680;Photocall;photocall;35;5;37;1;"Raíz > Inicio > CUMPLEAÑOS Y FIESTAS TEMATICAS > Material de fiesta > Decoración y ambiente > Photocall"
-27;-668;"Cumpleaños Cars";cumpleanos-cars;36;5;70;1;"Raíz > Inicio > CUMPLEAÑOS Y FIESTAS TEMATICAS > CUMPLEAÑOS INFANTIL LICENCIA > Cumpleaños Disney y Pixar > Cumpleaños Cars"
-19;-681;Pulseras;pulseras;36;5;13;1;"Raíz > Inicio > CUMPLEAÑOS Y FIESTAS TEMATICAS > Material de fiesta > Accesorios y adornos de cumpleaños > Pulseras"
-26;-670;"Cumpleaños Hello kity";cumpleanos-hello-kity;37;5;22;1;"Raíz > Inicio > CUMPLEAÑOS Y FIESTAS TEMATICAS > CUMPLEAÑOS INFANTIL LICENCIA > Cumpleaños Dibujos y TV > Cumpleaños Hello kity"
-17;-681;"Broche, colgante y collar";broche-colgante-y-collar;37;5;9;1;"Raíz > Inicio > CUMPLEAÑOS Y FIESTAS TEMATICAS > Material de fiesta > Accesorios y adornos de cumpleaños > Broche, colgante y collar"
-20;-668;"Cumpleaños Frozen";cumpleanos-frozen;38;5;89;1;"Raíz > Inicio > CUMPLEAÑOS Y FIESTAS TEMATICAS > CUMPLEAÑOS INFANTIL LICENCIA > Cumpleaños Disney y Pixar > Cumpleaños Frozen"
-12;-680;Letreros;letreros;38;5;9;1;"Raíz > Inicio > CUMPLEAÑOS Y FIESTAS TEMATICAS > Material de fiesta > Decoración y ambiente > Letreros"
-9;-680;Carteles;carteles;39;5;17;1;"Raíz > Inicio > CUMPLEAÑOS Y FIESTAS TEMATICAS > Material de fiesta > Decoración y ambiente > Carteles"
260;-670;"Cumpleaños -Tortugas Ninja";cumpleanos-tortugas-ninja;39;5;21;0;"Raíz > Inicio > CUMPLEAÑOS Y FIESTAS TEMATICAS > CUMPLEAÑOS INFANTIL LICENCIA > Cumpleaños Dibujos y TV > Cumpleaños -Tortugas Ninja"
307;-670;"Cumpleaños Minnions";cumpleanos-minnions;40;5;23;0;"Raíz > Inicio > CUMPLEAÑOS Y FIESTAS TEMATICAS > CUMPLEAÑOS INFANTIL LICENCIA > Cumpleaños Dibujos y TV > Cumpleaños Minnions"
308;-670;"Cumpleaños Plim Plim";cumpleanos-plim-plim;41;5;12;0;"Raíz > Inicio > CUMPLEAÑOS Y FIESTAS TEMATICAS > CUMPLEAÑOS INFANTIL LICENCIA > Cumpleaños Dibujos y TV > Cumpleaños Plim Plim"
15;-668;"Cumpleaños Mickey Mouse";cumpleanos-mickey-mouse;42;5;2;0;"Raíz > Inicio > CUMPLEAÑOS Y FIESTAS TEMATICAS > CUMPLEAÑOS INFANTIL LICENCIA > Cumpleaños Disney y Pixar > Cumpleaños Mickey Mouse"
16;-668;"Cumpleaños La Sirenita";cumpleanos-la-sirenita;43;5;46;0;"Raíz > Inicio > CUMPLEAÑOS Y FIESTAS TEMATICAS > CUMPLEAÑOS INFANTIL LICENCIA > Cumpleaños Disney y Pixar > Cumpleaños La Sirenita"
17;-671;"Cumpleaños Doraemon";cumpleanos-doraemon;44;5;17;0;"Raíz > Inicio > CUMPLEAÑOS Y FIESTAS TEMATICAS > CUMPLEAÑOS INFANTIL LICENCIA > Cumpleaños Anime y Videojuegos > Cumpleaños Doraemon"
-644;15;"Globos Mickey Mouse";globos-mickey-mouse;0;6;31;1;"Raíz > Inicio > CUMPLEAÑOS Y FIESTAS TEMATICAS > CUMPLEAÑOS INFANTIL LICENCIA > Cumpleaños Disney y Pixar > Cumpleaños Mickey Mouse > Globos Mickey Mouse"
-638;-32;"Globos Patrulla Canina";globos-patrulla-canina;0;6;17;1;"Raíz > Inicio > CUMPLEAÑOS Y FIESTAS TEMATICAS > CUMPLEAÑOS INFANTIL LICENCIA > Cumpleaños Dibujos y TV > Cumpleaños Patrulla canina > Globos Patrulla Canina"
-222;-56;Herramientas;herramientas;0;6;6;1;"Raíz > Inicio > DECORACION Y ARTICULOS DE FIESTA > Decoración colgante > Globos > Accesorios para globos > Herramientas"
-221;-56;"Cintas y lazos";cintas-y-lazos;0;6;24;1;"Raíz > Inicio > DECORACION Y ARTICULOS DE FIESTA > Decoración colgante > Globos > Accesorios para globos > Cintas y lazos"
-220;-56;"Cajas para globos";cajas-para-globos;0;6;12;1;"Raíz > Inicio > DECORACION Y ARTICULOS DE FIESTA > Decoración colgante > Globos > Accesorios para globos > Cajas para globos"
-219;-56;"Helio y bombonas";helio-y-bombonas;0;6;16;1;"Raíz > Inicio > DECORACION Y ARTICULOS DE FIESTA > Decoración colgante > Globos > Accesorios para globos > Helio y bombonas"
-218;-56;"Pesos y bases";pesos-y-bases;0;6;42;1;"Raíz > Inicio > DECORACION Y ARTICULOS DE FIESTA > Decoración colgante > Globos > Accesorios para globos > Pesos y bases"
-217;-56;"Estructuras, arcos y columnas";estructuras-arcos-y-columnas;0;6;63;1;"Raíz > Inicio > DECORACION Y ARTICULOS DE FIESTA > Decoración colgante > Globos > Accesorios para globos > Estructuras, arcos y columnas"
-645;15;"Vajilla y mesa Mickey Mouse";vajilla-y-mesa-mickey-mouse;1;6;47;1;"Raíz > Inicio > CUMPLEAÑOS Y FIESTAS TEMATICAS > CUMPLEAÑOS INFANTIL LICENCIA > Cumpleaños Disney y Pixar > Cumpleaños Mickey Mouse > Vajilla y mesa Mickey Mouse"
-639;-32;"Vajilla y mesa Patrulla Canina";vajilla-y-mesa-patrulla-canina;1;6;42;1;"Raíz > Inicio > CUMPLEAÑOS Y FIESTAS TEMATICAS > CUMPLEAÑOS INFANTIL LICENCIA > Cumpleaños Dibujos y TV > Cumpleaños Patrulla canina > Vajilla y mesa Patrulla Canina"
-646;15;"Decoración y guirnaldas Mickey Mouse";decoracion-y-guirnaldas-mickey-mouse;2;6;19;1;"Raíz > Inicio > CUMPLEAÑOS Y FIESTAS TEMATICAS > CUMPLEAÑOS INFANTIL LICENCIA > Cumpleaños Disney y Pixar > Cumpleaños Mickey Mouse > Decoración y guirnaldas Mickey Mouse"
-640;-32;"Decoración y guirnaldas Patrulla Canina";decoracion-y-guirnaldas-patrulla-canina;2;6;10;1;"Raíz > Inicio > CUMPLEAÑOS Y FIESTAS TEMATICAS > CUMPLEAÑOS INFANTIL LICENCIA > Cumpleaños Dibujos y TV > Cumpleaños Patrulla canina > Decoración y guirnaldas Patrulla Canina"
-647;15;"Piñatas y fiesta Mickey Mouse";pinatas-y-fiesta-mickey-mouse;3;6;24;1;"Raíz > Inicio > CUMPLEAÑOS Y FIESTAS TEMATICAS > CUMPLEAÑOS INFANTIL LICENCIA > Cumpleaños Disney y Pixar > Cumpleaños Mickey Mouse > Piñatas y fiesta Mickey Mouse"
-641;-32;"Piñatas y fiesta Patrulla Canina";pinatas-y-fiesta-patrulla-canina;3;6;12;1;"Raíz > Inicio > CUMPLEAÑOS Y FIESTAS TEMATICAS > CUMPLEAÑOS INFANTIL LICENCIA > Cumpleaños Dibujos y TV > Cumpleaños Patrulla canina > Piñatas y fiesta Patrulla Canina"
-648;15;"Ropa infantil Mickey Mouse";ropa-infantil-mickey-mouse;4;6;35;1;"Raíz > Inicio > CUMPLEAÑOS Y FIESTAS TEMATICAS > CUMPLEAÑOS INFANTIL LICENCIA > Cumpleaños Disney y Pixar > Cumpleaños Mickey Mouse > Ropa infantil Mickey Mouse"
-642;-32;"Ropa infantil Patrulla Canina";ropa-infantil-patrulla-canina;4;6;54;1;"Raíz > Inicio > CUMPLEAÑOS Y FIESTAS TEMATICAS > CUMPLEAÑOS INFANTIL LICENCIA > Cumpleaños Dibujos y TV > Cumpleaños Patrulla canina > Ropa infantil Patrulla Canina"
-649;15;"Complementos Mickey Mouse";complementos-mickey-mouse;5;6;17;1;"Raíz > Inicio > CUMPLEAÑOS Y FIESTAS TEMATICAS > CUMPLEAÑOS INFANTIL LICENCIA > Cumpleaños Disney y Pixar > Cumpleaños Mickey Mouse > Complementos Mickey Mouse"
-643;-32;"Complementos Patrulla Canina";complementos-patrulla-canina;5;6;19;1;"Raíz > Inicio > CUMPLEAÑOS Y FIESTAS TEMATICAS > CUMPLEAÑOS INFANTIL LICENCIA > Cumpleaños Dibujos y TV > Cumpleaños Patrulla canina > Complementos Patrulla Canina"
